Workbook

Sheet Poetry 
A1: POETRY | C1: Sequence is by frequency of occurrence on all recitation pitches
C2: Total | D2: d | E2: e | F2: f | G2: g | H2: A | I2: B | J2: C | K2: checksum
A3: PSALMS | B3: shalshelet | C3: 29 | D3: 0 | E3: 4 | F3: 1 | G3: 0 | H3: 20 | I3: 0 | J3: 4 | K3: =SUM(D3:J3)=C3 -> TRUE
A4: PSALMS | B4: pazer | C4: 72 | D4: 29 | E4: 23 | F4: 13 | G4: 0 | H4: 0 | I4: 0 | J4: 7 | K4: =SUM(D4:J4)=C4 -> TRUE
A5: PSALMS | B5: revia-mugrash | C5: 138 | D5: 0 | E5: 3 | F5: 47 | G5: 0 | H5: 88 | I5: 0 | J5: 0 | K5: =SUM(D5:J5)=C5 -> TRUE
A6: PSALMS | B6: illuy | C6: 150 | D6: 3 | E6: 72 | F6: 4 | G6: 3 | H6: 4 | I6: 0 | J6: 64 | K6: =SUM(D6:J6)=C6 -> TRUE
A7: PSALMS | B7: zarqa | C7: 158 | D7: 5 | E7: 81 | F7: 17 | G7: 1 | H7: 11 | I7: 0 | J7: 43 | K7: =SUM(D7:J7)=C7 -> TRUE
A8: PSALMS | B8: tsinnor | C8: 219 | D8: 5 | E8: 71 | F8: 49 | G8: 0 | H8: 0 | I8: 59 | J8: 35 | K8: =SUM(D8:J8)=C8 -> TRUE
A9: PSALMS | B9: qadma | C9: 292 | D9: 1 | E9: 84 | F9: 24 | G9: 3 | H9: 10 | I9: 0 | J9: 170 | K9: =SUM(D9:J9)=C9 -> TRUE
A10: PSALMS | B10: ole | C10: 342 | D10: 150 | E10: 102 | F10: 73 | G10: 0 | H10: 0 | I10: 1 | J10: 16 | K10: =SUM(D10:J10)=C10 -> TRUE
A11: PSALMS | B11: geresh | C11: 1523 | D11: 0 | E11: 63 | F11: 497 | G11: 1 | H11: 961 | I11: 0 | J11: 1 | K11: =SUM(D11:J11)=C11 -> TRUE
A12: PSALMS | B12: revia | C12: 2207 | D12: 5 | E12: 358 | F12: 732 | G12: 14 | H12: 916 | I12: 0 | J12: 182 | K12: =SUM(D12:J12)=C12 -> TRUE
A13: PROVERBS | B13: shalshelet | C13: 4 | D13: 0 | E13: 0 | F13: 0 | G13: 0 | H13: 2 | I13: 0 | J13: 2 | K13: =SUM(D13:J13)=C13 -> TRUE
A14: PROVERBS | B14: pazer | C14: 11 | D14: 5 | E14: 6 | F14: 0 | G14: 0 | H14: 0 | I14: 0 | J14: 0 | K14: =SUM(D14:J14)=C14 -> TRUE
... A32: JOB | B32: revia | C32: 726 | D32: 1 | E32: 82 | F32: 218 | G32: 2 | H32: 389 | I32: 0 | J32: 34 | K32: =SUM(D32:J32)=C32 -> TRUE
D33: =SUM(D3:D32) -> 223

Sheet Poetry-by-chapter
D1: Sequence is by frequency of occurrence on all recitation pitches
D2: Total | E2: d | F2: e | G2: f | H2: g | I2: A | J2: B | K2: C | L2: checksum
A3: PSALMS | B3: 1 | C3: geresh | D3: 3 | E3: 0 | F3: 0 | G3: 2 | H3: 0 | I3: 1 | J3: 0 | K3: 0 | L3: =SUM(E3:K3)=D3 -> TRUE
A4: PSALMS | B4: 1 | C4: illuy | D4: 1 | E4: 0 | F4: 0 | G4: 0 | H4: 0 | I4: 0 | J4: 0 | K4: 1 | L4: =SUM(E4:K4)=D4 -> TRUE
A5: PSALMS | B5: 1 | C5: ole | D5: 3 | E5: 1 | F5: 1 | G5: 1 | H5: 0 | I5: 0 | J5: 0 | K5: 0 | L5: =SUM(E5:K5)=D5 -> TRUE
A6: PSALMS | B6: 1 | C6: qadma | D6: 1 | E6: 0 | F6: 0 | G6: 0 | H6: 0 | I6: 0 | J6: 0 | K6: 1 | L6: =SUM(E6:K6)=D6 -> TRUE
A7: PSALMS | B7: 1 | C7: revia | D7: 8 | E7: 0 | F7: 2 | G7: 4 | H7: 0 | I7: 1 | J7: 0 | K7: 1 | L7: =SUM(E7:K7)=D7 -> TRUE
A8: PSALMS | B8: 1 | C8: tsinnor | D8: 2 | E8: 0 | F8: 1 | G8: 1 | H8: 0 | I8: 0 | J8: 0 | K8: 0 | L8: =SUM(E8:K8)=D8 -> TRUE
A9: PSALMS | B9: 2 | C9: geresh | D9: 9 | E9: 0 | F9: 0 | G9: 0 | H9: 0 | I9: 9 | J9: 0 | K9: 0 | L9: =SUM(E9:K9)=D9 -> TRUE
A10: PSALMS | B10: 2 | C10: illuy | D10: 1 | E10: 0 | F10: 0 | G10: 0 | H10: 0 | I10: 0 | J10: 0 | K10: 1 | L10: =SUM(E10:K10)=D10 -> TRUE
A11: PSALMS | B11: 2 | C11: ole | D11: 1 | E11: 0 | F11: 1 | G11: 0 | H11: 0 | I11: 0 | J11: 0 | K11: 0 | L11: =SUM(E11:K11)=D11 -> TRUE
A12: PSALMS | B12: 2 | C12: pazer | D12: 1 | E12: 0 | F12: 1 | G12: 0 | H12: 0 | I12: 0 | J12: 0 | K12: 0 | L12: =SUM(E12:K12)=D12 -> TRUE
A13: PSALMS | B13: 2 | C13: qadma | D13: 1 | E13: 0 | F13: 0 | G13: 1 | H13: 0 | I13: 0 | J13: 0 | K13: 0 | L13: =SUM(E13:K13)=D13 -> TRUE
A14: PSALMS | B14: 2 | C14: revia | D14: 13 | E14: 0 | F14: 2 | G14: 1 | H14: 0 | I14: 8 | J14: 0 | K14: 2 | L14: =SUM(E14:K14)=D14 -> TRUE
... A1324: JOB | B1324: 42 | C1324: revia | D1324: 4 | E1324: 0 | F1324: 0 | G1324: 2 | H1324: 0 | I1324: 2 | J1324: 0 | K1324: 0 | L1324: =SUM(E1324:K1324)=D1324 -> TRUE

Sheet Prose
A1: PROSE | B1: ornaments on | D1: Sequence is by frequency of occurrence on recitation pitches beginning with d | W1: Paste raw data here | Y1: Total | Z1: c | AA1: d | AB1: e | AC1: f | AD1: g | AE1: A | AF1: B | AG1: C
B2: 1 syllable | C2: Total | D2: c | E2: d | F2: e | G2: f | H2: g | I2: A | J2: B | K2: C | V2: checksum | W2: GENESIS | X2: z-gadol pashta | Y2: 1 | Z2: 0 | AA2: 0 | AB2: 0 | AC2: 0 | AD2: 0 | AE2: 0 | AF2: 1 | AG2: 0 | AH2: 1
A3: GENESIS | B3: =X2 -> z-gadol pashta | C3: =SUM(D3:K3) -> 1 | D3: =Z2 -> 0 | E3: =AA2 -> 0 | F3: =AB2 -> 0 | G3: =AC2 -> 0 | H3: =AD2 -> 0 | I3: =AE2 -> 0 | J3: =AF2 -> 1 | K3: =AG2 -> 0 | L3: =SUM(D3:K3)=Y2 -> TRUE | W3: GENESIS | X3: pashta pashta | Y3: 1 | Z3: 0 | AA3: 0 | AB3: 1 | AC3: 0 | AD3: 0 | AE3: 0 | AF3: 0 | AG3: 0 | AH3: 1
A4: GENESIS | B4: =X3 -> pashta pashta | C4: =SUM(D4:K4) -> 1 | D4: =Z3 -> 0 | E4: =AA3 -> 0 | F4: =AB3 -> 1 | G4: =AC3 -> 0 | H4: =AD3 -> 0 | I4: =AE3 -> 0 | J4: =AF3 -> 0 | K4: =AG3 -> 0 | L4: =SUM(D4:K4)=Y3 -> TRUE | W4: GENESIS | X4: shalshelet | Y4: 3 | Z4: 0 | AA4: 0 | AB4: 3 | AC4: 0 | AD4: 0 | AE4: 0 | AF4: 0 | AG4: 0 | AH4: 1
A5: GENESIS | B5: =X4 -> shalshelet | C5: =SUM(D5:K5) -> 3 | D5: =Z4 -> 0 | E5: =AA4 -> 0 | F5: =AB4 -> 3 | G5: =AC4 -> 0 | H5: =AD4 -> 0 | I5: =AE4 -> 0 | J5: =AF4 -> 0 | K5: =AG4 -> 0 | L5: =SUM(D5:K5)=Y4 -> TRUE | W5: GENESIS | X5: pazer | Y5: 29 | Z5: 0 | AA5: 0 | AB5: 15 | AC5: 0 | AD5: 0 | AE5: 5 | AF5: 9 | AG5: 0 | AH5: 1
A6: GENESIS | B6: =X5 -> pazer | C6: =SUM(D6:K6) -> 29 | D6: =Z5 -> 0 | E6: =AA5 -> 0 | F6: =AB5 -> 15 | G6: =AC5 -> 0 | H6: =AD5 -> 0 | I6: =AE5 -> 5 | J6: =AF5 -> 9 | K6: =AG5 -> 0 | L6: =SUM(D6:K6)=Y5 -> TRUE | W6: GENESIS | X6: telisha-gedola | Y6: 52 | Z6: 0 | AA6: 0 | AB6: 29 | AC6: 0 | AD6: 0 | AE6: 8 | AF6: 15 | AG6: 0 | AH6: 1
A7: GENESIS | B7: =X6 -> telisha-gedola | C7: =SUM(D7:K7) -> 52 | D7: =Z6 -> 0 | E7: =AA6 -> 0 | F7: =AB6 -> 29 | G7: =AC6 -> 0 | H7: =AD6 -> 0 | I7: =AE6 -> 8 | J7: =AF6 -> 15 | K7: =AG6 -> 0 | L7: =SUM(D7:K7)=Y6 -> TRUE | W7: GENESIS | X7: segol | Y7: 72 | Z7: 0 | AA7: 0 | AB7: 11 | AC7: 0 | AD7: 0 | AE7: 0 | AF7: 61 | AG7: 0 | AH7: 1
A8: GENESIS | B8: =X7 -> segol | C8: =SUM(D8:K8) -> 72 | D8: =Z7 -> 0 | E8: =AA7 -> 0 | F8: =AB7 -> 11 | G8: =AC7 -> 0 | H8: =AD7 -> 0 | I8: =AE7 -> 0 | J8: =AF7 -> 61 | K8: =AG7 -> 0 | L8: =SUM(D8:K8)=Y7 -> TRUE | W8: GENESIS | X8: tsinnor | Y8: 73 | Z8: 0 | AA8: 0 | AB8: 19 | AC8: 1 | AD8: 0 | AE8: 0 | AF8: 53 | AG8: 0 | AH8: 1
A9: GENESIS | B9: =X8 -> tsinnor | C9: =SUM(D9:K9) -> 73 | D9: =Z8 -> 0 | E9: =AA8 -> 0 | F9: =AB8 -> 19 | G9: =AC8 -> 1 | H9: =AD8 -> 0 | I9: =AE8 -> 0 | J9: =AF8 -> 53 | K9: =AG8 -> 0 | L9: =SUM(D9:K9)=Y8 -> TRUE | W9: GENESIS | X9: telisha-qetana | Y9: 93 | Z9: 0 | AA9: 0 | AB9: 48 | AC9: 0 | AD9: 0 | AE9: 19 | AF9: 24 | AG9: 2 | AH9: 1
A10: GENESIS | B10: =X9 -> telisha-qetana | C10: =SUM(D10:K10) -> 93 | D10: =Z9 -> 0 | E10: =AA9 -> 0 | F10: =AB9 -> 48 | G10: =AC9 -> 0 | H10: =AD9 -> 0 | I10: =AE9 -> 19 | J10: =AF9 -> 24 | K10: =AG9 -> 2 | L10: =SUM(D10:K10)=Y9 -> TRUE | W10: GENESIS | X10: tarsin | Y10: 113 | Z10: 0 | AA10: 0 | AB10: 66 | AC10: 0 | AD10: 0 | AE10: 29 | AF10: 18 | AG10: 0 | AH10: 1
A11: GENESIS | B11: =X10 -> tarsin | C11: =SUM(D11:K11) -> 113 | D11: =Z10 -> 0 | E11: =AA10 -> 0 | F11: =AB10 -> 66 | G11: =AC10 -> 0 | H11: =AD10 -> 0 | I11: =AE10 -> 29 | J11: =AF10 -> 18 | K11: =AG10 -> 0 | L11: =SUM(D11:K11)=Y10 -> TRUE | W11: GENESIS | X11: zaqef-gadol | Y11: 175 | Z11: 0 | AA11: 0 | AB11: 62 | AC11: 0 | AD11: 0 | AE11: 58 | AF11: 44 | AG11: 11 | AH11: 1
A12: GENESIS | B12: =X11 -> zaqef-gadol | C12: =SUM(D12:K12) -> 175 | D12: =Z11 -> 0 | E12: =AA11 -> 0 | F12: =AB11 -> 62 | G12: =AC11 -> 0 | H12: =AD11 -> 0 | I12: =AE11 -> 58 | J12: =AF11 -> 44 | K12: =AG11 -> 11 | L12: =SUM(D12:K12)=Y11 -> TRUE | W12: GENESIS | X12: azla | Y12: 244 | Z12: 0 | AA12: 0 | AB12: 155 | AC12: 1 | AD12: 0 | AE12: 46 | AF12: 41 | AG12: 1 | AH12: 1
A13: GENESIS | B13: =X12 -> azla | C13: =SUM(D13:K13) -> 244 | D13: =Z12 -> 0 | E13: =AA12 -> 0 | F13: =AB12 -> 155 | G13: =AC12 -> 1 | H13: =AD12 -> 0 | I13: =AE12 -> 46 | J13: =AF12 -> 41 | K13: =AG12 -> 1 | L13: =SUM(D13:K13)=Y12 -> TRUE | W13: GENESIS | X13: qadma | Y13: 457 | Z13: 0 | AA13: 0 | AB13: 254 | AC13: 1 | AD13: 0 | AE13: 102 | AF13: 89 | AG13: 11 | AH13: 1
A14: GENESIS | B14: =X13 -> qadma | C14: =SUM(D14:K14) -> 457 | D14: =Z13 -> 0 | E14: =AA13 -> 0 | F14: =AB13 -> 254 | G14: =AC13 -> 1 | H14: =AD13 -> 0 | I14: =AE13 -> 102 | J14: =AF13 -> 89 | K14: =AG13 -> 11 | L14: =SUM(D14:K14)=Y13 -> TRUE | W14: GENESIS | X14: revia | Y14: 610 | Z14: 0 | AA14: 0 | AB14: 168 | AC14: 2 | AD14: 0 | AE14: 79 | AF14: 356 | AG14: 5 | AH14: 1
... A17: GENESIS | B17: =X16 -> zaqef-qatan | C17: =SUM(D17:K17) -> 1877 | D17: =Z16 -> 0 | E17: =AA16 -> 0 | F17: =AB16 -> 212 | G17: =AC16 -> 12 | H17: =AD16 -> 0 | I17: =AE16 -> 49 | J17: =AF16 -> 1224 | K17: =AG16 -> 380 | L17: =SUM(D17:K17)=Y16 -> TRUE | W17: EXODUS | X17: z-qatan tsinnor | Y17: 1 | Z17: 0 | AA17: 0 | AB17: 0 | AC17: 0 | AD17: 0 | AE17: 0 | AF17: 1 | AG17: 0 | AH17: 2
C18: =SUM(C3:C17) -> 5500 | D18: c | E18: d | F18: e | G18: f | H18: g | I18: A | J18: B | K18: C | W18: EXODUS | X18: pazer azla | Y18: 1 | Z18: 0 | AA18: 0 | AB18: 0 | AC18: 0 | AD18: 0 | AE18: 0 | AF18: 1 | AG18: 0 | AH18: 2
A19: EXODUS | B19: =X17 -> z-qatan tsinnor | C19: =SUM(D19:K19) -> 1 | D19: =Z17 -> 0 | E19: =AA17 -> 0 | F19: =AB17 -> 0 | G19: =AC17 -> 0 | H19: =AD17 -> 0 | I19: =AE17 -> 0 | J19: =AF17 -> 1 | K19: =AG17 -> 0 | L19: =SUM(D19:K19)=Y17 -> TRUE | W19: EXODUS | X19: pashta pashta | Y19: 1 | Z19: 0 | AA19: 0 | AB19: 1 | AC19: 0 | AD19: 0 | AE19: 0 | AF19: 0 | AG19: 0 | AH19: 2
A20: EXODUS | B20: =X18 -> pazer azla | C20: =SUM(D20:K20) -> 1 | D20: =Z18 -> 0 | E20: =AA18 -> 0 | F20: =AB18 -> 0 | G20: =AC18 -> 0 | H20: =AD18 -> 0 | I20: =AE18 -> 0 | J20: =AF18 -> 1 | K20: =AG18 -> 0 | L20: =SUM(D20:K20)=Y18 -> TRUE | W20: EXODUS | X20: z-qatan azla | Y20: 1 | Z20: 0 | AA20: 0 | AB20: 1 | AC20: 0 | AD20: 0 | AE20: 0 | AF20: 0 | AG20: 0 | AH20: 2
A21: EXODUS | B21: =X19 -> pashta pashta | C21: =SUM(D21:K21) -> 1 | D21: =Z19 -> 0 | E21: =AA19 -> 0 | F21: =AB19 -> 1 | G21: =AC19 -> 0 | H21: =AD19 -> 0 | I21: =AE19 -> 0 | J21: =AF19 -> 0 | K21: =AG19 -> 0 | L21: =SUM(D21:K21)=Y19 -> TRUE | W21: EXODUS | X21: azla pashta | Y21: 1 | Z21: 0 | AA21: 0 | AB21: 1 | AC21: 0 | AD21: 0 | AE21: 0 | AF21: 0 | AG21: 0 | AH21: 2
A22: EXODUS | B22: =X20 -> z-qatan azla | C22: =SUM(D22:K22) -> 1 | D22: =Z20 -> 0 | E22: =AA20 -> 0 | F22: =AB20 -> 1 | G22: =AC20 -> 0 | H22: =AD20 -> 0 | I22: =AE20 -> 0 | J22: =AF20 -> 0 | K22: =AG20 -> 0 | L22: =SUM(D22:K22)=Y20 -> TRUE | W22: EXODUS | X22: pazer z-qatan | Y22: 2 | Z22: 0 | AA22: 0 | AB22: 0 | AC22: 0 | AD22: 0 | AE22: 0 | AF22: 2 | AG22: 0 | AH22: 2
A23: EXODUS | B23: =X21 -> azla pashta | C23: =SUM(D23:K23) -> 1 | D23: =Z21 -> 0 | E23: =AA21 -> 0 | F23: =AB21 -> 1 | G23: =AC21 -> 0 | H23: =AD21 -> 0 | I23: =AE21 -> 0 | J23: =AF21 -> 0 | K23: =AG21 -> 0 | L23: =SUM(D23:K23)=Y21 -> TRUE | W23: EXODUS | X23: pazer | Y23: 29 | Z23: 0 | AA23: 0 | AB23: 18 | AC23: 0 | AD23: 0 | AE23: 5 | AF23: 5 | AG23: 1 | AH23: 2
A24: EXODUS | B24: =X22 -> pazer z-qatan | C24: =SUM(D24:K24) -> 2 | D24: =Z22 -> 0 | E24: =AA22 -> 0 | F24: =AB22 -> 0 | G24: =AC22 -> 0 | H24: =AD22 -> 0 | I24: =AE22 -> 0 | J24: =AF22 -> 2 | K24: =AG22 -> 0 | L24: =SUM(D24:K24)=Y22 -> TRUE | W24: EXODUS | X24: telisha-gedola | Y24: 44 | Z24: 0 | AA24: 0 | AB24: 12 | AC24: 0 | AD24: 0 | AE24: 10 | AF24: 22 | AG24: 0 | AH24: 2
A25: EXODUS | B25: =X23 -> pazer | C25: =SUM(D25:K25) -> 29 | D25: =Z23 -> 0 | E25: =AA23 -> 0 | F25: =AB23 -> 18 | G25: =AC23 -> 0 | H25: =AD23 -> 0 | I25: =AE23 -> 5 | J25: =AF23 -> 5 | K25: =AG23 -> 1 | L25: =SUM(D25:K25)=Y23 -> TRUE | W25: EXODUS | X25: tsinnor | Y25: 81 | Z25: 0 | AA25: 0 | AB25: 20 | AC25: 1 | AD25: 1 | AE25: 0 | AF25: 59 | AG25: 0 | AH25: 2
A26: EXODUS | B26: =X24 -> telisha-gedola | C26: =SUM(D26:K26) -> 44 | D26: =Z24 -> 0 | E26: =AA24 -> 0 | F26: =AB24 -> 12 | G26: =AC24 -> 0 | H26: =AD24 -> 0 | I26: =AE24 -> 10 | J26: =AF24 -> 22 | K26: =AG24 -> 0 | L26: =SUM(D26:K26)=Y24 -> TRUE | W26: EXODUS | X26: segol | Y26: 82 | Z26: 0 | AA26: 0 | AB26: 12 | AC26: 1 | AD26: 0 | AE26: 1 | AF26: 68 | AG26: 0 | AH26: 2
A27: EXODUS | B27: =X25 -> tsinnor | C27: =SUM(D27:K27) -> 81 | D27: =Z25 -> 0 | E27: =AA25 -> 0 | F27: =AB25 -> 20 | G27: =AC25 -> 1 | H27: =AD25 -> 1 | I27: =AE25 -> 0 | J27: =AF25 -> 59 | K27: =AG25 -> 0 | L27: =SUM(D27:K27)=Y25 -> TRUE | W27: EXODUS | X27: telisha-qetana | Y27: 90 | Z27: 0 | AA27: 2 | AB27: 45 | AC27: 1 | AD27: 0 | AE27: 17 | AF27: 24 | AG27: 1 | AH27: 2
A28: EXODUS | B28: =X26 -> segol | C28: =SUM(D28:K28) -> 82 | D28: =Z26 -> 0 | E28: =AA26 -> 0 | F28: =AB26 -> 12 | G28: =AC26 -> 1 | H28: =AD26 -> 0 | I28: =AE26 -> 1 | J28: =AF26 -> 68 | K28: =AG26 -> 0 | L28: =SUM(D28:K28)=Y26 -> TRUE | W28: EXODUS | X28: zaqef-gadol | Y28: 99 | Z28: 0 | AA28: 0 | AB28: 26 | AC28: 0 | AD28: 0 | AE28: 42 | AF28: 23 | AG28: 8 | AH28: 2
A29: EXODUS | B29: =X27 -> telisha-qetana | C29: =SUM(D29:K29) -> 90 | D29: =Z27 -> 0 | E29: =AA27 -> 2 | F29: =AB27 -> 45 | G29: =AC27 -> 1 | H29: =AD27 -> 0 | I29: =AE27 -> 17 | J29: =AF27 -> 24 | K29: =AG27 -> 1 | L29: =SUM(D29:K29)=Y27 -> TRUE | W29: EXODUS | X29: tarsin | Y29: 100 | Z29: 0 | AA29: 0 | AB29: 67 | AC29: 0 | AD29: 0 | AE29: 12 | AF29: 18 | AG29: 3 | AH29: 2
A30: EXODUS | B30: =X28 -> zaqef-gadol | C30: =SUM(D30:K30) -> 99 | D30: =Z28 -> 0 | E30: =AA28 -> 0 | F30: =AB28 -> 26 | G30: =AC28 -> 0 | H30: =AD28 -> 0 | I30: =AE28 -> 42 | J30: =AF28 -> 23 | K30: =AG28 -> 8 | L30: =SUM(D30:K30)=Y28 -> TRUE | W30: EXODUS | X30: azla | Y30: 229 | Z30: 0 | AA30: 0 | AB30: 139 | AC30: 0 | AD30: 2 | AE30: 49 | AF30: 35 | AG30: 4 | AH30: 2
... A36: EXODUS | B36: =X34 -> zaqef-qatan | C36: =SUM(D36:K36) -> 1477 | D36: =Z34 -> 0 | E36: =AA34 -> 0 | F36: =AB34 -> 195 | G36: =AC34 -> 14 | H36: =AD34 -> 0 | I36: =AE34 -> 49 | J36: =AF34 -> 920 | K36: =AG34 -> 299 | L36: =SUM(D36:K36)=Y34 -> TRUE | W36: LEVITICUS | X36: pazer | Y36: 27 | Z36: 0 | AA36: 0 | AB36: 12 | AC36: 0 | AD36: 0 | AE36: 8 | AF36: 7 | AG36: 0 | AH36: 3
C37: =SUM(C19:C36) -> 4494 | D37: c | E37: d | F37: e | G37: f | H37: g | I37: A | J37: B | K37: C | W37: LEVITICUS | X37: segol | Y37: 55 | Z37: 0 | AA37: 0 | AB37: 7 | AC37: 1 | AD37: 0 | AE37: 0 | AF37: 47 | AG37: 0 | AH37: 3
A38: LEVITICUS | B38: =X35 -> shalshelet | C38: =SUM(D38:K38) -> 1 | D38: =Z35 -> 0 | E38: =AA35 -> 0 | F38: =AB35 -> 1 | G38: =AC35 -> 0 | H38: =AD35 -> 0 | I38: =AE35 -> 0 | J38: =AF35 -> 0 | K38: =AG35 -> 0 | L38: =SUM(D38:K38)=Y35 -> TRUE | W38: LEVITICUS | X38: zaqef-gadol | Y38: 55 | Z38: 0 | AA38: 0 | AB38: 20 | AC38: 1 | AD38: 0 | AE38: 14 | AF38: 15 | AG38: 5 | AH38: 3
A39: LEVITICUS | B39: =X36 -> pazer | C39: =SUM(D39:K39) -> 27 | D39: =Z36 -> 0 | E39: =AA36 -> 0 | F39: =AB36 -> 12 | G39: =AC36 -> 0 | H39: =AD36 -> 0 | I39: =AE36 -> 8 | J39: =AF36 -> 7 | K39: =AG36 -> 0 | L39: =SUM(D39:K39)=Y36 -> TRUE | W39: LEVITICUS | X39: tsinnor | Y39: 56 | Z39: 0 | AA39: 0 | AB39: 16 | AC39: 2 | AD39: 0 | AE39: 0 | AF39: 38 | AG39: 0 | AH39: 3
A40: LEVITICUS | B40: =X37 -> segol | C40: =SUM(D40:K40) -> 55 | D40: =Z37 -> 0 | E40: =AA37 -> 0 | F40: =AB37 -> 7 | G40: =AC37 -> 1 | H40: =AD37 -> 0 | I40: =AE37 -> 0 | J40: =AF37 -> 47 | K40: =AG37 -> 0 | L40: =SUM(D40:K40)=Y37 -> TRUE | W40: LEVITICUS | X40: telisha-gedola | Y40: 57 | Z40: 0 | AA40: 0 | AB40: 24 | AC40: 0 | AD40: 0 | AE40: 12 | AF40: 19 | AG40: 2 | AH40: 3
A41: LEVITICUS | B41: =X38 -> zaqef-gadol | C41: =SUM(D41:K41) -> 55 | D41: =Z38 -> 0 | E41: =AA38 -> 0 | F41: =AB38 -> 20 | G41: =AC38 -> 1 | H41: =AD38 -> 0 | I41: =AE38 -> 14 | J41: =AF38 -> 15 | K41: =AG38 -> 5 | L41: =SUM(D41:K41)=Y38 -> TRUE | W41: LEVITICUS | X41: telisha-qetana | Y41: 71 | Z41: 0 | AA41: 0 | AB41: 39 | AC41: 0 | AD41: 0 | AE41: 10 | AF41: 22 | AG41: 0 | AH41: 3
A42: LEVITICUS | B42: =X39 -> tsinnor | C42: =SUM(D42:K42) -> 56 | D42: =Z39 -> 0 | E42: =AA39 -> 0 | F42: =AB39 -> 16 | G42: =AC39 -> 2 | H42: =AD39 -> 0 | I42: =AE39 -> 0 | J42: =AF39 -> 38 | K42: =AG39 -> 0 | L42: =SUM(D42:K42)=Y39 -> TRUE | W42: LEVITICUS | X42: tarsin | Y42: 76 | Z42: 0 | AA42: 0 | AB42: 48 | AC42: 0 | AD42: 0 | AE42: 11 | AF42: 15 | AG42: 2 | AH42: 3
A43: LEVITICUS | B43: =X40 -> telisha-gedola | C43: =SUM(D43:K43) -> 57 | D43: =Z40 -> 0 | E43: =AA40 -> 0 | F43: =AB40 -> 24 | G43: =AC40 -> 0 | H43: =AD40 -> 0 | I43: =AE40 -> 12 | J43: =AF40 -> 19 | K43: =AG40 -> 2 | L43: =SUM(D43:K43)=Y40 -> TRUE | W43: LEVITICUS | X43: azla | Y43: 175 | Z43: 0 | AA43: 0 | AB43: 110 | AC43: 0 | AD43: 0 | AE43: 27 | AF43: 35 | AG43: 2 | AH43: 3
A44: LEVITICUS | B44: =X41 -> telisha-qetana | C44: =SUM(D44:K44) -> 71 | D44: =Z41 -> 0 | E44: =AA41 -> 0 | F44: =AB41 -> 39 | G44: =AC41 -> 0 | H44: =AD41 -> 0 | I44: =AE41 -> 10 | J44: =AF41 -> 22 | K44: =AG41 -> 0 | L44: =SUM(D44:K44)=Y41 -> TRUE | W44: LEVITICUS | X44: revia | Y44: 313 | Z44: 0 | AA44: 0 | AB44: 96 | AC44: 0 | AD44: 0 | AE44: 20 | AF44: 197 | AG44: 0 | AH44: 3
A45: LEVITICUS | B45: =X42 -> tarsin | C45: =SUM(D45:K45) -> 76 | D45: =Z42 -> 0 | E45: =AA42 -> 0 | F45: =AB42 -> 48 | G45: =AC42 -> 0 | H45: =AD42 -> 0 | I45: =AE42 -> 11 | J45: =AF42 -> 15 | K45: =AG42 -> 2 | L45: =SUM(D45:K45)=Y42 -> TRUE | W45: LEVITICUS | X45: qadma | Y45: 334 | Z45: 0 | AA45: 0 | AB45: 182 | AC45: 0 | AD45: 0 | AE45: 70 | AF45: 76 | AG45: 6 | AH45: 3
A46: LEVITICUS | B46: =X43 -> azla | C46: 175 | D46: =Z43 -> 0 | E46: =AA43 -> 0 | F46: =AB43 -> 110 | G46: =AC43 -> 0 | H46: =AD43 -> 0 | I46: =AE43 -> 27 | J46: =AF43 -> 35 | K46: =AG43 -> 2 | L46: =SUM(D46:K46)=Y43 -> FALSE | W46: LEVITICUS | X46: pashta | Y46: 900 | Z46: 0 | AA46: 0 | AB46: 225 | AC46: 32 | AD46: 0 | AE46: 70 | AF46: 105 | AG46: 468 | AH46: 3
A47: LEVITICUS | B47: =X44 -> revia | C47: =SUM(D47:K47) -> 313 | D47: =Z44 -> 0 | E47: =AA44 -> 0 | F47: =AB44 -> 96 | G47: =AC44 -> 0 | H47: =AD44 -> 0 | I47: =AE44 -> 20 | J47: =AF44 -> 197 | K47: =AG44 -> 0 | L47: =SUM(D47:K47)=Y44 -> TRUE | W47: LEVITICUS | X47: zaqef-qatan | Y47: 987 | Z47: 0 | AA47: 0 | AB47: 131 | AC47: 12 | AD47: 0 | AE47: 30 | AF47: 612 | AG47: 202 | AH47: 3
A48: LEVITICUS | B48: =X45 -> qadma | C48: =SUM(D48:K48) -> 334 | D48: =Z45 -> 0 | E48: =AA45 -> 0 | F48: =AB45 -> 182 | G48: =AC45 -> 0 | H48: =AD45 -> 0 | I48: =AE45 -> 70 | J48: =AF45 -> 76 | K48: =AG45 -> 6 | L48: =SUM(D48:K48)=Y45 -> TRUE | W48: NUMBERS | X48: qarne-farah | Y48: 1 | Z48: 0 | AA48: 1 | AB48: 0 | AC48: 0 | AD48: 0 | AE48: 0 | AF48: 0 | AG48: 0 | AH48: 4
A49: LEVITICUS | B49: =X46 -> pashta | C49: =SUM(D49:K49) -> 900 | D49: =Z46 -> 0 | E49: =AA46 -> 0 | F49: =AB46 -> 225 | G49: =AC46 -> 32 | H49: =AD46 -> 0 | I49: =AE46 -> 70 | J49: =AF46 -> 105 | K49: =AG46 -> 468 | L49: =SUM(D49:K49)=Y46 -> TRUE | W49: NUMBERS | X49: pazer | Y49: 36 | Z49: 0 | AA49: 0 | AB49: 14 | AC49: 0 | AD49: 0 | AE49: 1 | AF49: 21 | AG49: 0 | AH49: 4
A50: LEVITICUS | B50: =X47 -> zaqef-qatan | C50: =SUM(D50:K50) -> 987 | D50: =Z47 -> 0 | E50: =AA47 -> 0 | F50: =AB47 -> 131 | G50: =AC47 -> 12 | H50: =AD47 -> 0 | I50: =AE47 -> 30 | J50: =AF47 -> 612 | K50: =AG47 -> 202 | L50: =SUM(D50:K50)=Y47 -> TRUE | W50: NUMBERS | X50: telisha-gedola | Y50: 50 | Z50: 0 | AA50: 0 | AB50: 14 | AC50: 0 | AD50: 0 | AE50: 15 | AF50: 21 | AG50: 0 | AH50: 4
C51: =SUM(C38:C50) -> 3107 | D51: c | E51: d | F51: e | G51: f | H51: g | I51: A | J51: B | K51: C | W51: NUMBERS | X51: telisha-qetana | Y51: 88 | Z51: 0 | AA51: 1 | AB51: 43 | AC51: 0 | AD51: 0 | AE51: 15 | AF51: 29 | AG51: 0 | AH51: 4
A52: NUMBERS | B52: =X48 -> qarne-farah | C52: =SUM(D52:K52) -> 1 | D52: =Z48 -> 0 | E52: =AA48 -> 1 | F52: =AB48 -> 0 | G52: =AC48 -> 0 | H52: =AD48 -> 0 | I52: =AE48 -> 0 | J52: =AF48 -> 0 | K52: =AG48 -> 0 | L52: =SUM(D52:K52)=C52 -> TRUE | W52: NUMBERS | X52: segol | Y52: 96 | Z52: 0 | AA52: 0 | AB52: 11 | AC52: 1 | AD52: 0 | AE52: 0 | AF52: 84 | AG52: 0 | AH52: 4
A53: NUMBERS | B53: =X49 -> pazer | C53: =SUM(D53:K53) -> 36 | D53: =Z49 -> 0 | E53: =AA49 -> 0 | F53: =AB49 -> 14 | G53: =AC49 -> 0 | H53: =AD49 -> 0 | I53: =AE49 -> 1 | J53: =AF49 -> 21 | K53: =AG49 -> 0 | L53: =SUM(D53:K53)=C53 -> TRUE | W53: NUMBERS | X53: tsinnor | Y53: 96 | Z53: 0 | AA53: 0 | AB53: 19 | AC53: 5 | AD53: 0 | AE53: 0 | AF53: 72 | AG53: 0 | AH53: 4
A54: NUMBERS | B54: =X50 -> telisha-gedola | C54: =SUM(D54:K54) -> 50 | D54: =Z50 -> 0 | E54: =AA50 -> 0 | F54: =AB50 -> 14 | G54: =AC50 -> 0 | H54: =AD50 -> 0 | I54: =AE50 -> 15 | J54: =AF50 -> 21 | K54: =AG50 -> 0 | L54: =SUM(D54:K54)=C54 -> TRUE | W54: NUMBERS | X54: tarsin | Y54: 114 | Z54: 0 | AA54: 0 | AB54: 66 | AC54: 0 | AD54: 0 | AE54: 14 | AF54: 32 | AG54: 2 | AH54: 4
A55: NUMBERS | B55: =X51 -> telisha-qetana | C55: =SUM(D55:K55) -> 88 | D55: =Z51 -> 0 | E55: =AA51 -> 1 | F55: =AB51 -> 43 | G55: =AC51 -> 0 | H55: =AD51 -> 0 | I55: =AE51 -> 15 | J55: =AF51 -> 29 | K55: =AG51 -> 0 | L55: =SUM(D55:K55)=C55 -> TRUE | W55: NUMBERS | X55: zaqef-gadol | Y55: 126 | Z55: 0 | AA55: 0 | AB55: 46 | AC55: 1 | AD55: 0 | AE55: 46 | AF55: 29 | AG55: 4 | AH55: 4
A56: NUMBERS | B56: =X52 -> segol | C56: =SUM(D56:K56) -> 96 | D56: =Z52 -> 0 | E56: =AA52 -> 0 | F56: =AB52 -> 11 | G56: =AC52 -> 1 | H56: =AD52 -> 0 | I56: =AE52 -> 0 | J56: =AF52 -> 84 | K56: =AG52 -> 0 | L56: =SUM(D56:K56)=C56 -> TRUE | W56: NUMBERS | X56: azla | Y56: 223 | Z56: 0 | AA56: 1 | AB56: 146 | AC56: 0 | AD56: 0 | AE56: 36 | AF56: 40 | AG56: 0 | AH56: 4
A57: NUMBERS | B57: =X53 -> tsinnor | C57: =SUM(D57:K57) -> 96 | D57: =Z53 -> 0 | E57: =AA53 -> 0 | F57: =AB53 -> 19 | G57: =AC53 -> 5 | H57: =AD53 -> 0 | I57: =AE53 -> 0 | J57: =AF53 -> 72 | K57: =AG53 -> 0 | L57: =SUM(D57:K57)=C57 -> TRUE | W57: NUMBERS | X57: qadma | Y57: 435 | Z57: 0 | AA57: 1 | AB57: 236 | AC57: 1 | AD57: 0 | AE57: 96 | AF57: 95 | AG57: 6 | AH57: 4
A58: NUMBERS | B58: =X54 -> tarsin | C58: =SUM(D58:K58) -> 114 | D58: =Z54 -> 0 | E58: =AA54 -> 0 | F58: =AB54 -> 66 | G58: =AC54 -> 0 | H58: =AD54 -> 0 | I58: =AE54 -> 14 | J58: =AF54 -> 32 | K58: =AG54 -> 2 | L58: =SUM(D58:K58)=C58 -> TRUE | W58: NUMBERS | X58: revia | Y58: 497 | Z58: 0 | AA58: 0 | AB58: 134 | AC58: 0 | AD58: 0 | AE58: 58 | AF58: 302 | AG58: 3 | AH58: 4
A59: NUMBERS | B59: =X55 -> zaqef-gadol | C59: =SUM(D59:K59) -> 126 | D59: =Z55 -> 0 | E59: =AA55 -> 0 | F59: =AB55 -> 46 | G59: =AC55 -> 1 | H59: =AD55 -> 0 | I59: =AE55 -> 46 | J59: =AF55 -> 29 | K59: =AG55 -> 4 | L59: =SUM(D59:K59)=C59 -> TRUE | W59: NUMBERS | X59: pashta | Y59: 1218 | Z59: 0 | AA59: 0 | AB59: 304 | AC59: 51 | AD59: 0 | AE59: 131 | AF59: 134 | AG59: 598 | AH59: 4
A60: NUMBERS | B60: =X56 -> azla | C60: =SUM(D60:K60) -> 223 | D60: =Z56 -> 0 | E60: =AA56 -> 1 | F60: =AB56 -> 146 | G60: =AC56 -> 0 | H60: =AD56 -> 0 | I60: =AE56 -> 36 | J60: =AF56 -> 40 | K60: =AG56 -> 0 | L60: =SUM(D60:K60)=C60 -> TRUE | W60: NUMBERS | X60: zaqef-qatan | Y60: 1358 | Z60: 0 | AA60: 0 | AB60: 206 | AC60: 21 | AD60: 0 | AE60: 44 | AF60: 807 | AG60: 280 | AH60: 4
A61: NUMBERS | B61: =X57 -> qadma | C61: =SUM(D61:K61) -> 435 | D61: =Z57 -> 0 | E61: =AA57 -> 1 | F61: =AB57 -> 236 | G61: =AC57 -> 1 | H61: =AD57 -> 0 | I61: =AE57 -> 96 | J61: =AF57 -> 95 | K61: =AG57 -> 6 | L61: =SUM(D61:K61)=C61 -> TRUE | W61: DEUTERONOMY | X61: revia z-qatan | Y61: 1 | Z61: 0 | AA61: 0 | AB61: 0 | AC61: 0 | AD61: 0 | AE61: 0 | AF61: 0 | AG61: 1 | AH61: 5
A62: NUMBERS | B62: =X58 -> revia | C62: =SUM(D62:K62) -> 497 | D62: =Z58 -> 0 | E62: =AA58 -> 0 | F62: =AB58 -> 134 | G62: =AC58 -> 0 | H62: =AD58 -> 0 | I62: =AE58 -> 58 | J62: =AF58 -> 302 | K62: =AG58 -> 3 | L62: =SUM(D62:K62)=C62 -> TRUE | W62: DEUTERONOMY | X62: azla t-qatana | Y62: 1 | Z62: 0 | AA62: 0 | AB62: 0 | AC62: 0 | AD62: 0 | AE62: 0 | AF62: 1 | AG62: 0 | AH62: 5
A63: NUMBERS | B63: =X59 -> pashta | C63: =SUM(D63:K63) -> 1218 | D63: =Z59 -> 0 | E63: =AA59 -> 0 | F63: =AB59 -> 304 | G63: =AC59 -> 51 | H63: =AD59 -> 0 | I63: =AE59 -> 131 | J63: =AF59 -> 134 | K63: =AG59 -> 598 | L63: =SUM(D63:K63)=C63 -> TRUE | W63: DEUTERONOMY | X63: z-qatan tsinnor | Y63: 1 | Z63: 0 | AA63: 0 | AB63: 1 | AC63: 0 | AD63: 0 | AE63: 0 | AF63: 0 | AG63: 0 | AH63: 5
A64: NUMBERS | B64: =X60 -> zaqef-qatan | C64: =SUM(D64:K64) -> 1358 | D64: =Z60 -> 0 | E64: =AA60 -> 0 | F64: =AB60 -> 206 | G64: =AC60 -> 21 | H64: =AD60 -> 0 | I64: =AE60 -> 44 | J64: =AF60 -> 807 | K64: =AG60 -> 280 | L64: =SUM(D64:K64)=Y61 -> FALSE | W64: DEUTERONOMY | X64: azla z-qatan | Y64: 1 | Z64: 0 | AA64: 0 | AB64: 1 | AC64: 0 | AD64: 0 | AE64: 0 | AF64: 0 | AG64: 0 | AH64: 5
C65: =SUM(C52:C64) -> 4338 | D65: c | E65: d | F65: e | G65: f | H65: g | I65: A | J65: B | K65: C | W65: DEUTERONOMY | X65: tarsin revia | Y65: 1 | Z65: 0 | AA65: 0 | AB65: 1 | AC65: 0 | AD65: 0 | AE65: 0 | AF65: 0 | AG65: 0 | AH65: 5
A66: DEUTERONOMY | B66: =X61 -> revia z-qatan | C66: =SUM(D66:K66) -> 1 | D66: =Z61 -> 0 | E66: =AA61 -> 0 | F66: =AB61 -> 0 | G66: =AC61 -> 0 | H66: =AD61 -> 0 | I66: =AE61 -> 0 | J66: =AF61 -> 0 | K66: =AG61 -> 1 | L66: =SUM(D66:K66)=C66 -> TRUE | W66: DEUTERONOMY | X66: pashta pashta | Y66: 1 | Z66: 0 | AA66: 0 | AB66: 1 | AC66: 0 | AD66: 0 | AE66: 0 | AF66: 0 | AG66: 0 | AH66: 5
A67: DEUTERONOMY | B67: =X62 -> azla t-qatana | C67: =SUM(D67:K67) -> 1 | D67: =Z62 -> 0 | E67: =AA62 -> 0 | F67: =AB62 -> 0 | G67: =AC62 -> 0 | H67: =AD62 -> 0 | I67: =AE62 -> 0 | J67: =AF62 -> 1 | K67: =AG62 -> 0 | L67: =SUM(D67:K67)=C67 -> TRUE | W67: DEUTERONOMY | X67: revia pazer | Y67: 2 | Z67: 0 | AA67: 0 | AB67: 0 | AC67: 0 | AD67: 0 | AE67: 0 | AF67: 2 | AG67: 0 | AH67: 5
A68: DEUTERONOMY | B68: =X63 -> z-qatan tsinnor | C68: =SUM(D68:K68) -> 1 | D68: =Z63 -> 0 | E68: =AA63 -> 0 | F68: =AB63 -> 1 | G68: =AC63 -> 0 | H68: =AD63 -> 0 | I68: =AE63 -> 0 | J68: =AF63 -> 0 | K68: =AG63 -> 0 | L68: =SUM(D68:K68)=C68 -> TRUE | W68: DEUTERONOMY | X68: pazer | Y68: 33 | Z68: 0 | AA68: 0 | AB68: 15 | AC68: 0 | AD68: 0 | AE68: 3 | AF68: 15 | AG68: 0 | AH68: 5
A69: DEUTERONOMY | B69: =X64 -> azla z-qatan | C69: =SUM(D69:K69) -> 1 | D69: =Z64 -> 0 | E69: =AA64 -> 0 | F69: =AB64 -> 1 | G69: =AC64 -> 0 | H69: =AD64 -> 0 | I69: =AE64 -> 0 | J69: =AF64 -> 0 | K69: =AG64 -> 0 | L69: =SUM(D69:K69)=C69 -> TRUE | W69: DEUTERONOMY | X69: tsinnor | Y69: 67 | Z69: 0 | AA69: 0 | AB69: 19 | AC69: 5 | AD69: 1 | AE69: 0 | AF69: 42 | AG69: 0 | AH69: 5
A70: DEUTERONOMY | B70: =X65 -> tarsin revia | C70: =SUM(D70:K70) -> 1 | D70: =Z65 -> 0 | E70: =AA65 -> 0 | F70: =AB65 -> 1 | G70: =AC65 -> 0 | H70: =AD65 -> 0 | I70: =AE65 -> 0 | J70: =AF65 -> 0 | K70: =AG65 -> 0 | L70: =SUM(D70:K70)=C70 -> TRUE | W70: DEUTERONOMY | X70: telisha-gedola | Y70: 67 | Z70: 0 | AA70: 0 | AB70: 26 | AC70: 0 | AD70: 0 | AE70: 7 | AF70: 33 | AG70: 1 | AH70: 5
A71: DEUTERONOMY | B71: =X66 -> pashta pashta | C71: =SUM(D71:K71) -> 1 | D71: =Z66 -> 0 | E71: =AA66 -> 0 | F71: =AB66 -> 1 | G71: =AC66 -> 0 | H71: =AD66 -> 0 | I71: =AE66 -> 0 | J71: =AF66 -> 0 | K71: =AG66 -> 0 | L71: =SUM(D71:K71)=C71 -> TRUE | W71: DEUTERONOMY | X71: segol | Y71: 69 | Z71: 0 | AA71: 0 | AB71: 10 | AC71: 3 | AD71: 0 | AE71: 1 | AF71: 55 | AG71: 0 | AH71: 5
A72: DEUTERONOMY | B72: =X67 -> revia pazer | C72: =SUM(D72:K72) -> 2 | D72: =Z67 -> 0 | E72: =AA67 -> 0 | F72: =AB67 -> 0 | G72: =AC67 -> 0 | H72: =AD67 -> 0 | I72: =AE67 -> 0 | J72: =AF67 -> 2 | K72: =AG67 -> 0 | L72: =SUM(D72:K72)=C72 -> TRUE | W72: DEUTERONOMY | X72: zaqef-gadol | Y72: 70 | Z72: 0 | AA72: 0 | AB72: 23 | AC72: 0 | AD72: 0 | AE72: 18 | AF72: 23 | AG72: 6 | AH72: 5
A73: DEUTERONOMY | B73: =X68 -> pazer | C73: =SUM(D73:K73) -> 33 | D73: =Z68 -> 0 | E73: =AA68 -> 0 | F73: =AB68 -> 15 | G73: =AC68 -> 0 | H73: =AD68 -> 0 | I73: =AE68 -> 3 | J73: =AF68 -> 15 | K73: =AG68 -> 0 | L73: =SUM(D73:K73)=C73 -> TRUE | W73: DEUTERONOMY | X73: tarsin | Y73: 108 | Z73: 0 | AA73: 0 | AB73: 63 | AC73: 0 | AD73: 0 | AE73: 28 | AF73: 16 | AG73: 1 | AH73: 5
A74: DEUTERONOMY | B74: =X69 -> tsinnor | C74: =SUM(D74:K74) -> 67 | D74: =Z69 -> 0 | E74: =AA69 -> 0 | F74: =AB69 -> 19 | G74: =AC69 -> 5 | H74: =AD69 -> 1 | I74: =AE69 -> 0 | J74: =AF69 -> 42 | K74: =AG69 -> 0 | L74: =SUM(D74:K74)=C74 -> TRUE | W74: DEUTERONOMY | X74: telisha-qetana | Y74: 117 | Z74: 0 | AA74: 1 | AB74: 57 | AC74: 2 | AD74: 0 | AE74: 17 | AF74: 40 | AG74: 0 | AH74: 5
A75: DEUTERONOMY | B75: =X70 -> telisha-gedola | C75: =SUM(D75:K75) -> 67 | D75: =Z70 -> 0 | E75: =AA70 -> 0 | F75: =AB70 -> 26 | G75: =AC70 -> 0 | H75: =AD70 -> 0 | I75: =AE70 -> 7 | J75: =AF70 -> 33 | K75: =AG70 -> 1 | L75: =SUM(D75:K75)=C75 -> TRUE | W75: DEUTERONOMY | X75: azla | Y75: 244 | Z75: 0 | AA75: 0 | AB75: 141 | AC75: 0 | AD75: 1 | AE75: 40 | AF75: 61 | AG75: 1 | AH75: 5
A76: DEUTERONOMY | B76: =X71 -> segol | C76: =SUM(D76:K76) -> 69 | D76: =Z71 -> 0 | E76: =AA71 -> 0 | F76: =AB71 -> 10 | G76: =AC71 -> 3 | H76: =AD71 -> 0 | I76: =AE71 -> 1 | J76: =AF71 -> 55 | K76: =AG71 -> 0 | L76: =SUM(D76:K76)=C76 -> TRUE | W76: DEUTERONOMY | X76: qadma | Y76: 441 | Z76: 0 | AA76: 1 | AB76: 219 | AC76: 1 | AD76: 2 | AE76: 83 | AF76: 130 | AG76: 5 | AH76: 5
A77: DEUTERONOMY | B77: =X72 -> zaqef-gadol | C77: =SUM(D77:K77) -> 70 | D77: =Z72 -> 0 | E77: =AA72 -> 0 | F77: =AB72 -> 23 | G77: =AC72 -> 0 | H77: =AD72 -> 0 | I77: =AE72 -> 18 | J77: =AF72 -> 23 | K77: =AG72 -> 6 | L77: =SUM(D77:K77)=C77 -> TRUE | W77: DEUTERONOMY | X77: revia | Y77: 509 | Z77: 0 | AA77: 0 | AB77: 144 | AC77: 0 | AD77: 0 | AE77: 51 | AF77: 309 | AG77: 5 | AH77: 5
... A83: DEUTERONOMY | B83: =X78 -> pashta | C83: =SUM(D83:K83) -> 1217 | D83: =Z78 -> 0 | E83: =AA78 -> 0 | F83: =AB78 -> 263 | G83: =AC78 -> 45 | H83: =AD78 -> 3 | I83: =AE78 -> 144 | J83: =AF78 -> 135 | K83: =AG78 -> 627 | L83: =SUM(D83:K83)=C83 -> TRUE | W83: JOSHUA | X83: zaqef-gadol | Y83: 49 | Z83: 0 | AA83: 0 | AB83: 13 | AC83: 0 | AD83: 0 | AE83: 12 | AF83: 20 | AG83: 4 | AH83: 6
A84: DEUTERONOMY | B84: =X79 -> zaqef-qatan | C84: =SUM(D84:K84) -> 1288 | D84: =Z79 -> 0 | E84: =AA79 -> 0 | F84: =AB79 -> 176 | G84: =AC79 -> 12 | H84: =AD79 -> 0 | I84: =AE79 -> 33 | J84: =AF79 -> 826 | K84: =AG79 -> 241 | L84: =SUM(D84:K84)=Y81 -> FALSE | W84: JOSHUA | X84: pazer | Y84: 58 | Z84: 0 | AA84: 0 | AB84: 18 | AC84: 0 | AD84: 0 | AE84: 11 | AF84: 28 | AG84: 1 | AH84: 6
C85: =SUM(C66:C84) -> 4238 | D85: c | E85: d | F85: e | G85: f | H85: g | I85: A | J85: B | K85: C | W85: JOSHUA | X85: tarsin | Y85: 69 | Z85: 0 | AA85: 0 | AB85: 39 | AC85: 0 | AD85: 0 | AE85: 16 | AF85: 10 | AG85: 4 | AH85: 6
A86: JOSHUA | B86: =X80 -> qarne-farah | C86: =SUM(D86:K86) -> 1 | D86: =Z80 -> 0 | E86: =AA80 -> 1 | F86: =AB80 -> 0 | G86: =AC80 -> 0 | H86: =AD80 -> 0 | I86: =AE80 -> 0 | J86: =AF80 -> 0 | K86: =AG80 -> 0 | L86: =SUM(D86:K86)=Y80 -> TRUE | W86: JOSHUA | X86: telisha-gedola | Y86: 75 | Z86: 0 | AA86: 0 | AB86: 33 | AC86: 0 | AD86: 0 | AE86: 13 | AF86: 28 | AG86: 1 | AH86: 6
A87: JOSHUA | B87: =X81 -> segol | C87: =SUM(D87:K87) -> 36 | D87: =Z81 -> 0 | E87: =AA81 -> 0 | F87: =AB81 -> 3 | G87: =AC81 -> 3 | H87: =AD81 -> 0 | I87: =AE81 -> 0 | J87: =AF81 -> 30 | K87: =AG81 -> 0 | L87: =SUM(D87:K87)=Y81 -> TRUE | W87: JOSHUA | X87: telisha-qetana | Y87: 108 | Z87: 0 | AA87: 0 | AB87: 46 | AC87: 0 | AD87: 0 | AE87: 21 | AF87: 40 | AG87: 1 | AH87: 6
A88: JOSHUA | B88: =X82 -> tsinnor | C88: =SUM(D88:K88) -> 37 | D88: =Z82 -> 0 | E88: =AA82 -> 0 | F88: =AB82 -> 4 | G88: =AC82 -> 6 | H88: =AD82 -> 0 | I88: =AE82 -> 0 | J88: =AF82 -> 27 | K88: =AG82 -> 0 | L88: =SUM(D88:K88)=Y82 -> TRUE | W88: JOSHUA | X88: azla | Y88: 227 | Z88: 0 | AA88: 0 | AB88: 127 | AC88: 1 | AD88: 0 | AE88: 47 | AF88: 50 | AG88: 2 | AH88: 6
A89: JOSHUA | B89: =X83 -> zaqef-gadol | C89: =SUM(D89:K89) -> 49 | D89: =Z83 -> 0 | E89: =AA83 -> 0 | F89: =AB83 -> 13 | G89: =AC83 -> 0 | H89: =AD83 -> 0 | I89: =AE83 -> 12 | J89: =AF83 -> 20 | K89: =AG83 -> 4 | L89: =SUM(D89:K89)=Y83 -> TRUE | W89: JOSHUA | X89: revia | Y89: 363 | Z89: 0 | AA89: 0 | AB89: 100 | AC89: 1 | AD89: 0 | AE89: 43 | AF89: 216 | AG89: 3 | AH89: 6
A90: JOSHUA | B90: =X84 -> pazer | C90: =SUM(D90:K90) -> 58 | D90: =Z84 -> 0 | E90: =AA84 -> 0 | F90: =AB84 -> 18 | G90: =AC84 -> 0 | H90: =AD84 -> 0 | I90: =AE84 -> 11 | J90: =AF84 -> 28 | K90: =AG84 -> 1 | L90: =SUM(D90:K90)=Y84 -> TRUE | W90: JOSHUA | X90: qadma | Y90: 371 | Z90: 0 | AA90: 0 | AB90: 181 | AC90: 1 | AD90: 0 | AE90: 87 | AF90: 96 | AG90: 6 | AH90: 6
A91: JOSHUA | B91: =X85 -> tarsin | C91: =SUM(D91:K91) -> 69 | D91: =Z85 -> 0 | E91: =AA85 -> 0 | F91: =AB85 -> 39 | G91: =AC85 -> 0 | H91: =AD85 -> 0 | I91: =AE85 -> 16 | J91: =AF85 -> 10 | K91: =AG85 -> 4 | L91: =SUM(D91:K91)=Y85 -> TRUE | W91: JOSHUA | X91: zaqef-qatan | Y91: 872 | Z91: 0 | AA91: 0 | AB91: 103 | AC91: 10 | AD91: 0 | AE91: 15 | AF91: 530 | AG91: 214 | AH91: 6
A92: JOSHUA | B92: =X86 -> telisha-gedola | C92: =SUM(D92:K92) -> 75 | D92: =Z86 -> 0 | E92: =AA86 -> 0 | F92: =AB86 -> 33 | G92: =AC86 -> 0 | H92: =AD86 -> 0 | I92: =AE86 -> 13 | J92: =AF86 -> 28 | K92: =AG86 -> 1 | L92: =SUM(D92:K92)=Y86 -> TRUE | W92: JOSHUA | X92: pashta | Y92: 880 | Z92: 0 | AA92: 0 | AB92: 195 | AC92: 31 | AD92: 0 | AE92: 61 | AF92: 109 | AG92: 484 | AH92: 6
A93: JOSHUA | B93: =X87 -> telisha-qetana | C93: =SUM(D93:K93) -> 108 | D93: =Z87 -> 0 | E93: =AA87 -> 0 | F93: =AB87 -> 46 | G93: =AC87 -> 0 | H93: =AD87 -> 0 | I93: =AE87 -> 21 | J93: =AF87 -> 40 | K93: =AG87 -> 1 | L93: =SUM(D93:K93)=Y87 -> TRUE | W93: JUDGES | X93: pazer | Y93: 27 | Z93: 0 | AA93: 0 | AB93: 12 | AC93: 0 | AD93: 0 | AE93: 7 | AF93: 8 | AG93: 0 | AH93: 7
A94: JOSHUA | B94: =X88 -> azla | C94: =SUM(D94:K94) -> 227 | D94: =Z88 -> 0 | E94: =AA88 -> 0 | F94: =AB88 -> 127 | G94: =AC88 -> 1 | H94: =AD88 -> 0 | I94: =AE88 -> 47 | J94: =AF88 -> 50 | K94: =AG88 -> 2 | L94: =SUM(D94:K94)=Y88 -> TRUE | W94: JUDGES | X94: telisha-gedola | Y94: 32 | Z94: 0 | AA94: 0 | AB94: 13 | AC94: 0 | AD94: 0 | AE94: 10 | AF94: 9 | AG94: 0 | AH94: 7
A95: JOSHUA | B95: =X89 -> revia | C95: =SUM(D95:K95) -> 363 | D95: =Z89 -> 0 | E95: =AA89 -> 0 | F95: =AB89 -> 100 | G95: =AC89 -> 1 | H95: =AD89 -> 0 | I95: =AE89 -> 43 | J95: =AF89 -> 216 | K95: =AG89 -> 3 | L95: =SUM(D95:K95)=Y89 -> TRUE | W95: JUDGES | X95: segol | Y95: 43 | Z95: 0 | AA95: 0 | AB95: 4 | AC95: 1 | AD95: 0 | AE95: 0 | AF95: 38 | AG95: 0 | AH95: 7
A96: JOSHUA | B96: =X90 -> qadma | C96: =SUM(D96:K96) -> 371 | D96: =Z90 -> 0 | E96: =AA90 -> 0 | F96: =AB90 -> 181 | G96: =AC90 -> 1 | H96: =AD90 -> 0 | I96: =AE90 -> 87 | J96: =AF90 -> 96 | K96: =AG90 -> 6 | L96: =SUM(D96:K96)=Y90 -> TRUE | W96: JUDGES | X96: tsinnor | Y96: 44 | Z96: 0 | AA96: 0 | AB96: 16 | AC96: 3 | AD96: 0 | AE96: 0 | AF96: 25 | AG96: 0 | AH96: 7
A97: JOSHUA | B97: =X91 -> zaqef-qatan | C97: =SUM(D97:K97) -> 872 | D97: =Z91 -> 0 | E97: =AA91 -> 0 | F97: =AB91 -> 103 | G97: =AC91 -> 10 | H97: =AD91 -> 0 | I97: =AE91 -> 15 | J97: =AF91 -> 530 | K97: =AG91 -> 214 | L97: =SUM(D97:K97)=Y91 -> TRUE | W97: JUDGES | X97: zaqef-gadol | Y97: 62 | Z97: 0 | AA97: 0 | AB97: 12 | AC97: 1 | AD97: 0 | AE97: 16 | AF97: 27 | AG97: 6 | AH97: 7
A98: JOSHUA | B98: =X92 -> pashta | C98: =SUM(D98:K98) -> 880 | D98: =Z92 -> 0 | E98: =AA92 -> 0 | F98: =AB92 -> 195 | G98: =AC92 -> 31 | H98: =AD92 -> 0 | I98: =AE92 -> 61 | J98: =AF92 -> 109 | K98: =AG92 -> 484 | L98: =SUM(D98:K98)=Y92 -> TRUE | W98: JUDGES | X98: tarsin | Y98: 63 | Z98: 0 | AA98: 0 | AB98: 37 | AC98: 0 | AD98: 0 | AE98: 16 | AF98: 10 | AG98: 0 | AH98: 7
D99: c | E99: d | F99: e | G99: f | H99: g | I99: A | J99: B | K99: C | W99: JUDGES | X99: telisha-qetana | Y99: 90 | Z99: 0 | AA99: 0 | AB99: 36 | AC99: 0 | AD99: 0 | AE99: 15 | AF99: 37 | AG99: 2 | AH99: 7
A100: JUDGES | B100: =X93 -> pazer | C100: =SUM(D100:K100) -> 27 | D100: =Z93 -> 0 | E100: =AA93 -> 0 | F100: =AB93 -> 12 | G100: =AC93 -> 0 | H100: =AD93 -> 0 | I100: =AE93 -> 7 | J100: =AF93 -> 8 | K100: =AG93 -> 0 | L100: =SUM(D100:K100)=Y93 -> TRUE | W100: JUDGES | X100: azla | Y100: 185 | Z100: 0 | AA100: 0 | AB100: 97 | AC100: 0 | AD100: 0 | AE100: 40 | AF100: 48 | AG100: 0 | AH100: 7
A101: JUDGES | B101: =X94 -> telisha-gedola | C101: =SUM(D101:K101) -> 32 | D101: =Z94 -> 0 | E101: =AA94 -> 0 | F101: =AB94 -> 13 | G101: =AC94 -> 0 | H101: =AD94 -> 0 | I101: =AE94 -> 10 | J101: =AF94 -> 9 | K101: =AG94 -> 0 | L101: =SUM(D101:K101)=Y94 -> TRUE | W101: JUDGES | X101: qadma | Y101: 279 | Z101: 0 | AA101: 0 | AB101: 128 | AC101: 0 | AD101: 0 | AE101: 65 | AF101: 80 | AG101: 6 | AH101: 7
A102: JUDGES | B102: =X95 -> segol | C102: =SUM(D102:K102) -> 43 | D102: =Z95 -> 0 | E102: =AA95 -> 0 | F102: =AB95 -> 4 | G102: =AC95 -> 1 | H102: =AD95 -> 0 | I102: =AE95 -> 0 | J102: =AF95 -> 38 | K102: =AG95 -> 0 | L102: =SUM(D102:K102)=Y95 -> TRUE | W102: JUDGES | X102: revia | Y102: 344 | Z102: 0 | AA102: 0 | AB102: 82 | AC102: 0 | AD102: 0 | AE102: 46 | AF102: 210 | AG102: 6 | AH102: 7
A103: JUDGES | B103: =X96 -> tsinnor | C103: =SUM(D103:K103) -> 44 | D103: =Z96 -> 0 | E103: =AA96 -> 0 | F103: =AB96 -> 16 | G103: =AC96 -> 3 | H103: =AD96 -> 0 | I103: =AE96 -> 0 | J103: =AF96 -> 25 | K103: =AG96 -> 0 | L103: =SUM(D103:K103)=Y96 -> TRUE | W103: JUDGES | X103: pashta | Y103: 929 | Z103: 0 | AA103: 0 | AB103: 249 | AC103: 27 | AD103: 0 | AE103: 78 | AF103: 108 | AG103: 467 | AH103: 7
A104: JUDGES | B104: =X97 -> zaqef-gadol | C104: =SUM(D104:K104) -> 62 | D104: =Z97 -> 0 | E104: =AA97 -> 0 | F104: =AB97 -> 12 | G104: =AC97 -> 1 | H104: =AD97 -> 0 | I104: =AE97 -> 16 | J104: =AF97 -> 27 | K104: =AG97 -> 6 | L104: =SUM(D104:K104)=Y97 -> TRUE | W104: JUDGES | X104: zaqef-qatan | Y104: 981 | Z104: 0 | AA104: 0 | AB104: 117 | AC104: 11 | AD104: 0 | AE104: 23 | AF104: 644 | AG104: 186 | AH104: 7
A105: JUDGES | B105: =X98 -> tarsin | C105: =SUM(D105:K105) -> 63 | D105: =Z98 -> 0 | E105: =AA98 -> 0 | F105: =AB98 -> 37 | G105: =AC98 -> 0 | H105: =AD98 -> 0 | I105: =AE98 -> 16 | J105: =AF98 -> 10 | K105: =AG98 -> 0 | L105: =SUM(D105:K105)=Y98 -> TRUE | W105: 1 SAMUEL | X105: pazer | Y105: 36 | Z105: 0 | AA105: 0 | AB105: 9 | AC105: 0 | AD105: 0 | AE105: 3 | AF105: 24 | AG105: 0 | AH105: 8
A106: JUDGES | B106: =X99 -> telisha-qetana | C106: =SUM(D106:K106) -> 90 | D106: =Z99 -> 0 | E106: =AA99 -> 0 | F106: =AB99 -> 36 | G106: =AC99 -> 0 | H106: =AD99 -> 0 | I106: =AE99 -> 15 | J106: =AF99 -> 37 | K106: =AG99 -> 2 | L106: =SUM(D106:K106)=Y99 -> TRUE | W106: 1 SAMUEL | X106: segol | Y106: 40 | Z106: 0 | AA106: 0 | AB106: 6 | AC106: 2 | AD106: 0 | AE106: 0 | AF106: 32 | AG106: 0 | AH106: 8
A107: JUDGES | B107: =X100 -> azla | C107: =SUM(D107:K107) -> 185 | D107: =Z100 -> 0 | E107: =AA100 -> 0 | F107: =AB100 -> 97 | G107: =AC100 -> 0 | H107: =AD100 -> 0 | I107: =AE100 -> 40 | J107: =AF100 -> 48 | K107: =AG100 -> 0 | L107: =SUM(D107:K107)=Y100 -> TRUE | W107: 1 SAMUEL | X107: tsinnor | Y107: 42 | Z107: 0 | AA107: 0 | AB107: 7 | AC107: 2 | AD107: 0 | AE107: 0 | AF107: 33 | AG107: 0 | AH107: 8
A108: JUDGES | B108: =X101 -> qadma | C108: =SUM(D108:K108) -> 279 | D108: =Z101 -> 0 | E108: =AA101 -> 0 | F108: =AB101 -> 128 | G108: =AC101 -> 0 | H108: =AD101 -> 0 | I108: =AE101 -> 65 | J108: =AF101 -> 80 | K108: =AG101 -> 6 | L108: =SUM(D108:K108)=Y101 -> TRUE | W108: 1 SAMUEL | X108: telisha-gedola | Y108: 49 | Z108: 0 | AA108: 0 | AB108: 15 | AC108: 0 | AD108: 0 | AE108: 7 | AF108: 26 | AG108: 1 | AH108: 8
A109: JUDGES | B109: =X102 -> revia | C109: =SUM(D109:K109) -> 344 | D109: =Z102 -> 0 | E109: =AA102 -> 0 | F109: =AB102 -> 82 | G109: =AC102 -> 0 | H109: =AD102 -> 0 | I109: =AE102 -> 46 | J109: =AF102 -> 210 | K109: =AG102 -> 6 | L109: =SUM(D109:K109)=Y102 -> TRUE | W109: 1 SAMUEL | X109: tarsin | Y109: 73 | Z109: 0 | AA109: 0 | AB109: 42 | AC109: 0 | AD109: 0 | AE109: 17 | AF109: 13 | AG109: 1 | AH109: 8
A110: JUDGES | B110: =X103 -> pashta | C110: =SUM(D110:K110) -> 929 | D110: =Z103 -> 0 | E110: =AA103 -> 0 | F110: =AB103 -> 249 | G110: =AC103 -> 27 | H110: =AD103 -> 0 | I110: =AE103 -> 78 | J110: =AF103 -> 108 | K110: =AG103 -> 467 | L110: =SUM(D110:K110)=Y103 -> TRUE | W110: 1 SAMUEL | X110: zaqef-gadol | Y110: 74 | Z110: 0 | AA110: 0 | AB110: 19 | AC110: 1 | AD110: 0 | AE110: 26 | AF110: 23 | AG110: 5 | AH110: 8
A111: JUDGES | B111: =X104 -> zaqef-qatan | C111: =SUM(D111:K111) -> 981 | D111: =Z104 -> 0 | E111: =AA104 -> 0 | F111: =AB104 -> 117 | G111: =AC104 -> 11 | H111: =AD104 -> 0 | I111: =AE104 -> 23 | J111: =AF104 -> 644 | K111: =AG104 -> 186 | L111: =SUM(D111:K111)=Y104 -> TRUE | W111: 1 SAMUEL | X111: telisha-qetana | Y111: 111 | Z111: 0 | AA111: 0 | AB111: 49 | AC111: 0 | AD111: 0 | AE111: 21 | AF111: 38 | AG111: 3 | AH111: 8
D112: c | E112: d | F112: e | G112: f | H112: g | I112: A | J112: B | K112: C | W112: 1 SAMUEL | X112: azla | Y112: 251 | Z112: 0 | AA112: 0 | AB112: 157 | AC112: 0 | AD112: 0 | AE112: 37 | AF112: 52 | AG112: 5 | AH112: 8
...

Sheet Psalms-by-group
A1: Total ornaments for each note -- by mode
A2: Psalm totals by mode used
A3: book-seq | B3: Book | C3: degree | D3: shv mode | E3: pitch | F3: revia | G3: ole | H3: geresh | I3: illuy | J3: qadma | K3: pazer | L3: zarqa | M3: tsinnor | N3: shalshelet | O3: revia-mugrash
A4: 27 | B4: PSALMS | C4: 2 | D4: 1 | E4: D4 | F4: 2 | G4: 51 | H4: 0 | I4: 0 | J4: 0 | K4: 9 | L4: 2 | M4: 1 | N4: 0 | O4: 0
A5: 27 | B5: PSALMS | C5: 3 | D5: 1 | E5: E4 | F5: 122 | G5: 33 | H5: 22 | I5: 24 | J5: 29 | K5: 6 | L5: 24 | M5: 27 | N5: 1 | O5: 1
A6: 27 | B6: PSALMS | C6: 4 | D6: 1 | E6: F4 | F6: 233 | G6: 27 | H6: 171 | I6: 1 | J6: 7 | K6: 7 | L6: 4 | M6: 20 | N6: 0 | O6: 15
A7: 27 | B7: PSALMS | C7: 5 | D7: 1 | E7: G4 | F7: 3 | G7: 0 | H7: 0 | I7: 2 | J7: 2 | K7: 0 | L7: 0 | M7: 0 | N7: 0 | O7: 0
A8: 27 | B8: PSALMS | C8: 6 | D8: 1 | E8: A4 | F8: 315 | G8: 0 | H8: 322 | I8: 2 | J8: 2 | K8: 0 | L8: 1 | M8: 0 | N8: 5 | O8: 21
A9: 27 | B9: PSALMS | C9: 7 | D9: 1 | E9: B4 | F9: 0 | G9: 0 | H9: 0 | I9: 0 | J9: 0 | K9: 0 | L9: 0 | M9: 22 | N9: 0 | O9: 0
A10: 27 | B10: PSALMS | C10: 8 | D10: 1 | E10: C5 | F10: 68 | G10: 5 | H10: 0 | I10: 24 | J10: 56 | K10: 0 | L10: 15 | M10: 9 | N10: 1 | O10: 0
A11: book-seq | B11: Book | C11: degree | D11: shv mode | E11: pitch | F11: revia | G11: ole | H11: geresh | I11: illuy | J11: qadma | K11: pazer | L11: zarqa | M11: tsinnor | N11: shalshelet | O11: rev-mugr
A12: 27 | B12: PSALMS | C12: 2 | D12: 2 | E12: D4 | F12: 1 | G12: 25 | H12: 0 | I12: 1 | J12: 0 | K12: 5 | L12: 0 | M12: 1 | N12: 0 | O12: 0
A13: 27 | B13: PSALMS | C13: 3 | D13: 2 | E13: E4 | F13: 64 | G13: 8 | H13: 15 | I13: 13 | J13: 14 | K13: 4 | L13: 20 | M13: 13 | N13: 0 | O13: 0
A14: 27 | B14: PSALMS | C14: 4 | D14: 2 | E14: F4 | F14: 150 | G14: 8 | H14: 89 | I14: 1 | J14: 8 | K14: 1 | L14: 4 | M14: 5 | N14: 0 | O14: 6
A15: 27 | B15: PSALMS | C15: 5 | D15: 2 | E15: G4 | F15: 4 | G15: 0 | H15: 1 | I15: 0 | J15: 0 | K15: 0 | L15: 0 | M15: 0 | N15: 0 | O15: 0
A16: 27 | B16: PSALMS | C16: 6 | D16: 2 | E16: A4 | F16: 193 | G16: 0 | H16: 209 | I16: 1 | J16: 1 | K16: 0 | L16: 1 | M16: 0 | N16: 2 | O16: 18
A17: 27 | B17: PSALMS | C17: 7 | D17: 2 | E17: B4 | F17: 0 | G17: 1 | H17: 0 | I17: 0 | J17: 0 | K17: 0 | L17: 0 | M17: 2 | N17: 0 | O17: 0
A18: 27 | B18: PSALMS | C18: 8 | D18: 2 | E18: C5 | F18: 28 | G18: 1 | H18: 0 | I18: 10 | J18: 24 | K18: 1 | L18: 10 | M18: 5 | N18: 1 | O18: 0
A19: book-seq | B19: Book | C19: degree | D19: shv mode | E19: pitch | F19: revia | G19: ole | H19: geresh | I19: illuy | J19: qadma | K19: pazer | L19: zarqa | M19: tsinnor | N19: shalshelet | O19: rev-mugr
A20: 27 | B20: PSALMS | C20: 2 | D20: 3 | E20: D4 | F20: 1 | G20: 51 | H20: 0 | I20: 1 | J20: 1 | K20: 12 | L20: 3 | M20: 3 | N20: 0 | O20: 0
A21: 27 | B21: PSALMS | C21: 3 | D21: 3 | E21: E4 | F21: 116 | G21: 46 | H21: 19 | I21: 22 | J21: 32 | K21: 9 | L21: 28 | M21: 22 | N21: 1 | O21: 1
A22: 27 | B22: PSALMS | C22: 4 | D22: 3 | E22: F4 | F22: 252 | G22: 32 | H22: 162 | I22: 2 | J22: 4 | K22: 4 | L22: 8 | M22: 18 | N22: 1 | O22: 17
A23: 27 | B23: PSALMS | C23: 5 | D23: 3 | E23: G4 | F23: 4 | G23: 0 | H23: 0 | I23: 1 | J23: 1 | K23: 0 | L23: 1 | M23: 0 | N23: 0 | O23: 0
A24: 27 | B24: PSALMS | C24: 6 | D24: 3 | E24: A4 | F24: 306 | G24: 0 | H24: 325 | I24: 1 | J24: 5 | K24: 0 | L24: 7 | M24: 0 | N24: 6 | O24: 35
A25: 27 | B25: PSALMS | C25: 7 | D25: 3 | E25: B4 | F25: 0 | G25: 0 | H25: 0 | I25: 0 | J25: 0 | K25: 0 | L25: 0 | M25: 22 | N25: 0 | O25: 0
A26: 27 | B26: PSALMS | C26: 8 | D26: 3 | E26: C5 | F26: 68 | G26: 6 | H26: 1 | I26: 21 | J26: 65 | K26: 4 | L26: 12 | M26: 18 | N26: 1 | O26: 0
A27: book-seq | B27: Book | C27: degree | D27: shv mode | E27: pitch | F27: revia | G27: ole | H27: geresh | I27: illuy | J27: qadma | K27: pazer | L27: zarqa | M27: tsinnor | N27: shalshelet | O27: rev-mugr
A28: 27 | B28: PSALMS | C28: 2 | D28: 4 | E28: D4 | F28: 0 | G28: 22 | H28: 0 | I28: 0 | J28: 0 | K28: 2 | L28: 0 | M28: 0 | N28: 0 | O28: 0
A29: 27 | B29: PSALMS | C29: 3 | D29: 4 | E29: E4 | F29: 47 | G29: 12 | H29: 7 | I29: 9 | J29: 8 | K29: 3 | L29: 5 | M29: 9 | N29: 0 | O29: 1
A30: 27 | B30: PSALMS | C30: 4 | D30: 4 | E30: F4 | F30: 78 | G30: 5 | H30: 63 | I30: 0 | J30: 4 | K30: 1 | L30: 0 | M30: 6 | N30: 0 | O30: 8
A31: 27 | B31: PSALMS | C31: 5 | D31: 4 | E31: G4 | F31: 3 | G31: 0 | H31: 0 | I31: 0 | J31: 0 | K31: 0 | L31: 0 | M31: 0 | N31: 0 | O31: 0
A32: 27 | B32: PSALMS | C32: 6 | D32: 4 | E32: A4 | F32: 77 | G32: 0 | H32: 80 | I32: 0 | J32: 2 | K32: 0 | L32: 2 | M32: 0 | N32: 5 | O32: 9
A33: 27 | B33: PSALMS | C33: 7 | D33: 4 | E33: B4 | F33: 0 | G33: 0 | H33: 0 | I33: 0 | J33: 0 | K33: 0 | L33: 0 | M33: 11 | N33: 0 | O33: 0
A34: 27 | B34: PSALMS | C34: 8 | D34: 4 | E34: C5 | F34: 13 | G34: 3 | H34: 0 | I34: 9 | J34: 15 | K34: 2 | L34: 4 | M34: 3 | N34: 1 | O34: 0
A35: book-seq | B35: Book | C35: degree | D35: shv mode | E35: pitch | F35: revia | G35: ole | H35: geresh | I35: illuy | J35: qadma | K35: pazer | L35: zarqa | M35: tsinnor | N35: shalshelet | O35: rev-mugr
A36: 27 | B36: PSALMS | C36: 2 | D36: 7 | E36: D4 | F36: 1 | G36: 1 | H36: 0 | I36: 1 | J36: 0 | K36: 1 | L36: 0 | M36: 0 | N36: 0 | O36: 0
A37: 27 | B37: PSALMS | C37: 3 | D37: 7 | E37: E4 | F37: 10 | G37: 3 | H37: 1 | I37: 4 | J37: 1 | K37: 1 | L37: 4 | M37: 0 | N37: 2 | O37: 0
A38: 27 | B38: PSALMS | C38: 4 | D38: 7 | E38: F4 | F38: 19 | G38: 1 | H38: 12 | I38: 0 | J38: 1 | K38: 0 | L38: 1 | M38: 0 | N38: 0 | O38: 1
A39: 27 | B39: PSALMS | C39: 6 | D39: 7 | E39: A4 | F39: 24 | G39: 0 | H39: 24 | I39: 0 | J39: 0 | K39: 0 | L39: 0 | M39: 0 | N39: 2 | O39: 5
A40: 27 | B40: PSALMS | C40: 7 | D40: 7 | E40: B4 | F40: 0 | G40: 0 | H40: 0 | I40: 0 | J40: 0 | K40: 0 | L40: 0 | M40: 2 | N40: 0 | O40: 0
A41: 27 | B41: PSALMS | C41: 8 | D41: 7 | E41: C5 | F41: 5 | G41: 1 | H41: 0 | I41: 0 | J41: 10 | K41: 0 | L41: 2 | M41: 0 | N41: 0 | O41: 0
A64: Psalms of Korah
A65: book-seq | B65: Book | C65: degree | D65: pitch | E65: revia | F65: ole | G65: geresh | H65: illuy | I65: qadma | J65: pazer | K65: zarqa | L65: tsinnor | M65: shalshelet | N65: rev-mugr
A66: 27 | B66: PSALMS | C66: 2 | D66: D4 | E66: 0 | F66: 13 | G66: 0 | H66: 0 | I66: 0 | J66: 2 | K66: 0 | L66: 0 | M66: 0 | N66: 0
A67: 27 | B67: PSALMS | C67: 3 | D67: E4 | E67: 19 | F67: 3 | G67: 3 | H67: 16 | I67: 8 | J67: 1 | K67: 5 | L67: 7 | M67: 0 | N67: 1
A68: 27 | B68: PSALMS | C68: 4 | D68: F4 | E68: 54 | F68: 5 | G68: 33 | H68: 0 | I68: 1 | J68: 0 | K68: 1 | L68: 5 | M68: 0 | N68: 2
A69: 27 | B69: PSALMS | C69: 6 | D69: A4 | E69: 54 | F69: 0 | G69: 54 | H69: 0 | I69: 1 | J69: 0 | K69: 1 | L69: 0 | M69: 2 | N69: 7
A70: 27 | B70: PSALMS | C70: 7 | D70: B4 | E70: 0 | F70: 1 | G70: 0 | H70: 0 | I70: 0 | J70: 0 | K70: 0 | L70: 2 | M70: 0 | N70: 0
A71: 27 | B71: PSALMS | C71: 8 | D71: C5 | E71: 12 | F71: 1 | G71: 0 | H71: 7 | I71: 15 | J71: 2 | K71: 2 | L71: 3 | M71: 0 | N71: 0
E72: =SUM(E66:E71) -> 139 | F72: =SUM(F66:F71) -> 23 | G72: =SUM(G66:G71) -> 90 | H72: =SUM(H66:H71) -> 23 | I72: =SUM(I66:I71) -> 25 | J72: =SUM(J66:J71) -> 5 | K72: =SUM(K66:K71) -> 9 | L72: =SUM(L66:L71) -> 17 | ... N72: =SUM(N66:N71) -> 10 | O72: =SUM(E72:N72) -> 343
A73: Psalms of David
A74: book-seq | B74: Book | C74: degree | D74: pitch | E74: revia | F74: ole | G74: geresh | H74: illuy | I74: qadma | J74: pazer | K74: zarqa | L74: tsinnor | M74: shalshelet | N74: rev-mugr
A75: 27 | B75: PSALMS | C75: 2 | D75: D4 | E75: 5 | F75: 101 | G75: 0 | H75: 3 | I75: 1 | J75: 18 | K75: 4 | L75: 4 | M75: 0 | N75: 0
A76: 27 | B76: PSALMS | C76: 3 | D76: E4 | E76: 188 | F76: 63 | G76: 26 | H76: 32 | I76: 55 | J76: 10 | K76: 44 | L76: 49 | M76: 3 | N76: 0
A77: 27 | B77: PSALMS | C77: 4 | D77: F4 | E77: 371 | F77: 43 | G77: 254 | H77: 4 | I77: 11 | J77: 10 | K77: 9 | L77: 32 | M77: 0 | N77: 28
A78: 27 | B78: PSALMS | C78: 5 | D78: G4 | E78: 7 | F78: 0 | G78: 0 | H78: 2 | I78: 2 | J78: 0 | K78: 0 | L78: 0 | M78: 0 | N78: 0
A79: 27 | B79: PSALMS | C79: 6 | D79: A4 | E79: 383 | F79: 0 | G79: 405 | H79: 1 | I79: 5 | J79: 0 | K79: 8 | L79: 0 | M79: 10 | N79: 29
A80: 27 | B80: PSALMS | C80: 7 | D80: B4 | E80: 0 | F80: 0 | G80: 0 | H80: 0 | I80: 0 | J80: 0 | K80: 0 | L80: 44 | M80: 0 | N80: 0
A81: 27 | B81: PSALMS | C81: 8 | D81: C5 | E81: 95 | F81: 13 | G81: 1 | H81: 26 | I81: 90 | J81: 3 | K81: 19 | L81: 21 | M81: 2 | N81: 0
E82: =SUM(E75:E81) -> 1049 | F82: =SUM(F75:F81) -> 220 | G82: =SUM(G75:G81) -> 686 | H82: =SUM(H75:H81) -> 68 | I82: =SUM(I75:I81) -> 164 | J82: =SUM(J75:J81) -> 41 | K82: =SUM(K75:K81) -> 84 | L82: =SUM(L75:L81) -> 150 | ... N82: =SUM(N75:N81) -> 57 | O82: =SUM(E82:N82) -> 2534
A83: Psalms of Asaph
A84: book-seq | B84: Book | C84: degree | D84: pitch | E84: revia | F84: ole | G84: geresh | H84: illuy | I84: qadma | J84: pazer | K84: zarqa | L84: tsinnor | M84: shalshelet | N84: rev-mugr
A85: 27 | B85: PSALMS | C85: 2 | D85: D4 | E85: 0 | F85: 7 | G85: 0 | H85: 0 | I85: 0 | J85: 0 | K85: 0 | L85: 0 | M85: 0 | N85: 0
A86: 27 | B86: PSALMS | C86: 3 | D86: E4 | E86: 35 | F86: 14 | G86: 4 | H86: 9 | I86: 4 | J86: 4 | K86: 7 | L86: 3 | M86: 1 | N86: 0
A87: 27 | B87: PSALMS | C87: 4 | D87: F4 | E87: 72 | F87: 8 | G87: 54 | H87: 0 | I87: 0 | J87: 0 | K87: 0 | L87: 4 | M87: 0 | N87: 6
A88: 27 | B88: PSALMS | C88: 5 | D88: G4 | E88: 1 | F88: 0 | G88: 0 | H88: 0 | I88: 0 | J88: 0 | K88: 0 | L88: 0 | M88: 0 | N88: 0
A89: 27 | B89: PSALMS | C89: 6 | D89: A4 | E89: 100 | F89: 0 | G89: 101 | H89: 2 | I89: 2 | J89: 0 | K89: 2 | L89: 0 | M89: 1 | N89: 13
A90: 27 | B90: PSALMS | C90: 7 | D90: B4 | E90: 0 | F90: 0 | G90: 0 | H90: 0 | I90: 0 | J90: 0 | K90: 0 | L90: 5 | M90: 0 | N90: 0
A91: 27 | B91: PSALMS | C91: 8 | D91: C5 | E91: 15 | F91: 1 | G91: 0 | H91: 2 | I91: 23 | J91: 0 | K91: 6 | L91: 1 | M91: 0 | N91: 0
E92: =SUM(E85:E91) -> 223 | F92: =SUM(F85:F91) -> 30 | G92: =SUM(G85:G91) -> 159 | H92: =SUM(H85:H91) -> 13 | I92: =SUM(I85:I91) -> 29 | J92: =SUM(J85:J91) -> 4 | K92: =SUM(K85:K91) -> 15 | L92: =SUM(L85:L91) -> 13 | ... N92: =SUM(N85:N91) -> 19 | O92: =SUM(E92:N92) -> 507

Sheet The Five Scrolls
A1: book seq | B1: book | C1: degree | D1: note | E1: Revia | F1: Azla | G1: Zaqef-qatan | H1: Zaqef-gadol | I1: Pashta | J1: Telisha-gedola | K1: Telisha-qetana | L1: Qarne | M1: Tsinnor | N1: Segol | O1: Tarsin | P1: Qadma | Q1: Pazer | R1: Shalshelet
A2: 30 | B2: SONG | C2: 3 | D2: E4 | E2: 8 | F2: 4 | G2: 25 | H2: 3 | I2: 62 | J2: 0 | K2: 0 | L2: 0 | M2: 0 | N2: 0 | O2: 3 | P2: 9 | Q2: 0 | R2: 0 | S2: =SUM(E2:R2) -> 114
A3: 30 | B3: SONG | C3: 4 | D3: F4 | E3: 0 | F3: 0 | G3: 4 | H3: 0 | I3: 8 | J3: 0 | K3: 0 | L3: 0 | M3: 0 | N3: 0 | O3: 0 | P3: 0 | Q3: 0 | R3: 0 | S3: =SUM(E3:R3) -> 12
A4: 30 | B4: SONG | C4: 6 | D4: A4 | E4: 3 | F4: 4 | G4: 6 | H4: 3 | I4: 20 | J4: 0 | K4: 1 | L4: 0 | M4: 0 | N4: 0 | O4: 0 | P4: 3 | Q4: 0 | R4: 0 | S4: =SUM(E4:R4) -> 40
A5: 30 | B5: SONG | C5: 7 | D5: B4 | E5: 14 | F5: 0 | G5: 96 | H5: 1 | I5: 18 | J5: 0 | K5: 0 | L5: 0 | M5: 1 | N5: 1 | O5: 1 | P5: 0 | Q5: 0 | R5: 0 | S5: =SUM(E5:R5) -> 132
A6: 30 | B6: SONG | C6: 8 | D6: C5 | E6: 0 | F6: 0 | G6: 37 | H6: 0 | I6: 77 | J6: 0 | K6: 0 | L6: 0 | M6: 0 | N6: 0 | O6: 0 | P6: 0 | Q6: 0 | R6: 0 | S6: =SUM(E6:R6) -> 114
A7: book seq | B7: book | C7: degree | D7: note | E7: Revia | F7: Azla | G7: Zaqef-qatan | H7: Zaqef-gadol | I7: Pashta | J7: Telisha-gedola | K7: Telisha-qetana | L7: Qarne | M7: Tsinnor | N7: Segol | O7: Tarsin | P7: Qadma | Q7: Pazer | R7: Shalshelet | S7: =SUM(S2:S6) -> 412 | T7: =S7=Prose!C374 -> TRUE
A8: 31 | B8: RUTH | C8: 3 | D8: E4 | E8: 14 | F8: 12 | G8: 20 | H8: 2 | I8: 35 | J8: 2 | K8: 8 | L8: 0 | M8: 1 | N8: 0 | O8: 3 | P8: 18 | Q8: 1 | R8: 0 | S8: =SUM(E8:R8) -> 116
A9: 31 | B9: RUTH | C9: 4 | D9: F4 | E9: 0 | F9: 0 | G9: 5 | H9: 0 | I9: 11 | J9: 0 | K9: 0 | L9: 0 | M9: 0 | N9: 0 | O9: 0 | P9: 1 | Q9: 0 | R9: 0 | S9: =SUM(E9:R9) -> 17
A10: 31 | B10: RUTH | C10: 6 | D10: A4 | E10: 10 | F10: 4 | G10: 4 | H10: 2 | I10: 13 | J10: 2 | K10: 3 | L10: 0 | M10: 0 | N10: 0 | O10: 2 | P10: 9 | Q10: 0 | R10: 0 | S10: =SUM(E10:R10) -> 49
A11: 31 | B11: RUTH | C11: 7 | D11: B4 | E11: 23 | F11: 3 | G11: 78 | H11: 3 | I11: 11 | J11: 2 | K11: 2 | L11: 0 | M11: 1 | N11: 2 | O11: 0 | P11: 6 | Q11: 0 | R11: 0 | S11: =SUM(E11:R11) -> 131
A12: 31 | B12: RUTH | C12: 8 | D12: C5 | E12: 1 | F12: 0 | G12: 31 | H12: 1 | I12: 72 | J12: 0 | K12: 0 | L12: 0 | M12: 0 | N12: 0 | O12: 0 | P12: 2 | Q12: 0 | R12: 0 | S12: =SUM(E12:R12) -> 107
A13: book seq | B13: book | C13: degree | D13: note | E13: Revia | F13: Azla | G13: Zaqef-qatan | H13: Zaqef-gadol | I13: Pashta | J13: Telisha-gedola | K13: Telisha-qetana | L13: Qarne | M13: Tsinnor | N13: Segol | O13: Tarsin | P13: Qadma | Q13: Pazer | R13: Shalshelet | S13: =SUM(S8:S12) -> 420 | T13: =S13=Prose!C387 -> TRUE
A14: 32 | B14: LAMENTATIONS | C14: 3 | D14: E4 | E14: 10 | F14: 7 | G14: 31 | H14: 0 | I14: 59 | J14: 0 | K14: 3 | L14: 0 | M14: 0 | N14: 0 | O14: 2 | P14: 25 | Q14: 0 | R14: 0 | S14: =SUM(E14:R14) -> 137
A15: 32 | B15: LAMENTATIONS | C15: 4 | D15: F4 | E15: 0 | F15: 0 | G15: 2 | H15: 0 | I15: 3 | J15: 0 | K15: 0 | L15: 0 | M15: 0 | N15: 0 | O15: 0 | P15: 0 | Q15: 0 | R15: 0 | S15: =SUM(E15:R15) -> 5
A16: 32 | B16: LAMENTATIONS | C16: 6 | D16: A4 | E16: 0 | F16: 0 | G16: 4 | H16: 0 | I16: 14 | J16: 0 | K16: 0 | L16: 0 | M16: 0 | N16: 0 | O16: 0 | P16: 4 | Q16: 0 | R16: 0 | S16: =SUM(E16:R16) -> 22
A17: 32 | B17: LAMENTATIONS | C17: 7 | D17: B4 | E17: 16 | F17: 0 | G17: 102 | H17: 1 | I17: 14 | J17: 1 | K17: 0 | L17: 0 | M17: 1 | N17: 1 | O17: 1 | P17: 1 | Q17: 0 | R17: 0 | S17: =SUM(E17:R17) -> 138
A18: 32 | B18: LAMENTATIONS | C18: 8 | D18: C5 | E18: 0 | F18: 1 | G18: 60 | H18: 0 | I18: 126 | J18: 0 | K18: 0 | L18: 0 | M18: 0 | N18: 0 | O18: 0 | P18: 1 | Q18: 0 | R18: 0 | S18: =SUM(E18:R18) -> 188
A19: book seq | B19: book | C19: degree | D19: note | E19: Revia | F19: Azla | G19: Zaqef-qatan | H19: Zaqef-gadol | I19: Pashta | J19: Telisha-gedola | K19: Telisha-qetana | L19: Qarne | M19: Tsinnor | N19: Segol | O19: Tarsin | P19: Qadma | Q19: Pazer | R19: Shalshelet | S19: =SUM(S14:S18) -> 490 | T19: =S19=Prose!C399 -> TRUE
A20: 33 | B20: QOHELET | C20: 3 | D20: E4 | E20: 20 | F20: 16 | G20: 43 | H20: 6 | I20: 73 | J20: 7 | K20: 6 | L20: 0 | M20: 2 | N20: 0 | O20: 3 | P20: 29 | Q20: 3 | R20: 0 | S20: =SUM(E20:R20) -> 208
A21: 33 | B21: QOHELET | C21: 4 | D21: F4 | E21: 0 | F21: 0 | G21: 4 | H21: 0 | I21: 16 | J21: 0 | K21: 0 | L21: 0 | M21: 0 | N21: 0 | O21: 0 | P21: 2 | Q21: 0 | R21: 0 | S21: =SUM(E21:R21) -> 22
A22: 33 | B22: QOHELET | C22: 6 | D22: A4 | E22: 6 | F22: 3 | G22: 5 | H22: 8 | I22: 21 | J22: 0 | K22: 3 | L22: 0 | M22: 0 | N22: 0 | O22: 8 | P22: 11 | Q22: 1 | R22: 0 | S22: =SUM(E22:R22) -> 66
A23: 33 | B23: QOHELET | C23: 7 | D23: B4 | E23: 36 | F23: 8 | G23: 185 | H23: 3 | I23: 13 | J23: 2 | K23: 7 | L23: 0 | M23: 0 | N23: 2 | O23: 3 | P23: 15 | Q23: 2 | R23: 0 | S23: =SUM(E23:R23) -> 276
A24: 33 | B24: QOHELET | C24: 8 | D24: C5 | E24: 1 | F24: 0 | G24: 32 | H24: 1 | I24: 120 | J24: 0 | K24: 0 | L24: 0 | M24: 0 | N24: 0 | O24: 0 | P24: 1 | Q24: 0 | R24: 0 | S24: =SUM(E24:R24) -> 155
A25: book seq | B25: book | C25: degree | D25: note | E25: Revia | F25: Azla | G25: Zaqef-qatan | H25: Zaqef-gadol | I25: Pashta | J25: Telisha-gedola | K25: Telisha-qetana | L25: Qarne | M25: Tsinnor | N25: Segol | O25: Tarsin | P25: Qadma | Q25: Pazer | R25: Shalshelet | S25: =SUM(S20:S24) -> 727 | T25: =S25=Prose!C412 -> TRUE
A26: 34 | B26: ESTHER | C26: 2 | D26: D4 | E26: 0 | F26: 0 | G26: 0 | H26: 0 | I26: 0 | J26: 0 | K26: 0 | L26: 1 | M26: 0 | N26: 0 | O26: 0 | P26: 0 | Q26: 0 | R26: 0 | S26: =SUM(E26:R26) -> 1
A27: 34 | B27: ESTHER | C27: 3 | D27: E4 | E27: 21 | F27: 40 | G27: 24 | H27: 4 | I27: 41 | J27: 12 | K27: 17 | L27: 0 | M27: 5 | N27: 3 | O27: 13 | P27: 53 | Q27: 4 | R27: 0 | S27: =SUM(E27:R27) -> 237
A28: 34 | B28: ESTHER | C28: 4 | D28: F4 | E28: 0 | F28: 0 | G28: 3 | H28: 0 | I28: 5 | J28: 0 | K28: 0 | L28: 0 | M28: 0 | N28: 0 | O28: 0 | P28: 1 | Q28: 0 | R28: 0 | S28: =SUM(E28:R28) -> 9
A29: 34 | B29: ESTHER | C29: 6 | D29: A4 | E29: 16 | F29: 11 | G29: 6 | H29: 5 | I29: 19 | J29: 3 | K29: 6 | L29: 0 | M29: 0 | N29: 0 | O29: 8 | P29: 26 | Q29: 1 | R29: 0 | S29: =SUM(E29:R29) -> 101
A30: 34 | B30: ESTHER | C30: 7 | D30: B4 | E30: 83 | F30: 16 | G30: 196 | H30: 5 | I30: 45 | J30: 10 | K30: 15 | L30: 0 | M30: 8 | N30: 10 | O30: 6 | P30: 31 | Q30: 12 | R30: 0 | S30: =SUM(E30:R30) -> 437
A31: 34 | B31: ESTHER | C31: 8 | D31: C5 | E31: 0 | F31: 0 | G31: 55 | H31: 2 | I31: 167 | J31: 3 | K31: 0 | L31: 0 | M31: 0 | N31: 0 | O31: 1 | P31: 2 | Q31: 0 | R31: 0 | S31: =SUM(E31:R31) -> 230
S32: =SUM(S26:S31) -> 1015 | T32: =S32=Prose!C426 -> TRUE

Sheet Torah
A1: book seq | B1: book | C1: degree | D1: note | E1: Revia | F1: Azla | G1: Zaqef-qatan | H1: Zaqef-gadol | I1: Pashta | J1: Telisha-gedola | K1: Telisha-qetana | L1: Qarne | M1: Tsinnor | N1: Segol | O1: Tarsin | P1: Qadma | Q1: Pazer | R1: Shalshelet
A2: 1 | B2: GENESIS | C2: 3 | D2: E4 | E2: 168 | F2: 155 | G2: 212 | H2: 62 | I2: 401 | J2: 29 | K2: 48 | L2: 0 | M2: 19 | N2: 11 | O2: 66 | P2: 254 | Q2: 15 | R2: 3 | S2: =SUM(E2:R2) -> 1443
A3: 1 | B3: GENESIS | C3: 4 | D3: F4 | E3: 2 | F3: 1 | G3: 12 | H3: 0 | I3: 35 | J3: 0 | K3: 0 | L3: 0 | M3: 1 | N3: 0 | O3: 0 | P3: 1 | Q3: 0 | R3: 0 | S3: =SUM(E3:R3) -> 52
A4: 1 | B4: GENESIS | C4: 5 | D4: G4 | E4: 0 | F4: 0 | G4: 0 | H4: 0 | I4: 1 | J4: 0 | K4: 0 | L4: 0 | M4: 0 | N4: 0 | O4: 0 | P4: 0 | Q4: 0 | R4: 0 | S4: =SUM(E4:R4) -> 1
A5: 1 | B5: GENESIS | C5: 6 | D5: A4 | E5: 79 | F5: 46 | G5: 49 | H5: 58 | I5: 201 | J5: 8 | K5: 19 | L5: 0 | M5: 0 | N5: 0 | O5: 29 | P5: 102 | Q5: 5 | R5: 0 | S5: =SUM(E5:R5) -> 596
A6: 1 | B6: GENESIS | C6: 7 | D6: B4 | E6: 356 | F6: 41 | G6: 1224 | H6: 44 | I6: 186 | J6: 15 | K6: 24 | L6: 0 | M6: 53 | N6: 61 | O6: 18 | P6: 89 | Q6: 9 | R6: 0 | S6: =SUM(E6:R6) -> 2120
A7: 1 | B7: GENESIS | C7: 8 | D7: C5 | E7: 5 | F7: 1 | G7: 380 | H7: 11 | I7: 876 | J7: 0 | K7: 2 | L7: 0 | M7: 0 | N7: 0 | O7: 0 | P7: 11 | Q7: 0 | R7: 0 | S7: =SUM(E7:R7) -> 1286
A8: book seq | B8: book | C8: degree | D8: note | E8: Revia | F8: Azla | G8: Zaqef-qatan | H8: Zaqef-gadol | I8: Pashta | J8: Telisha-gedola | K8: Telisha-qetana | L8: Qarne | M8: Tsinnor | N8: Segol | O8: Tarsin | P8: Qadma | Q8: Pazer | R8: Shalshelet | S8: =SUM(S2:S7) -> 5498 | T8: missing 2 composite
A9: 2 | B9: EXODUS | C9: 2 | D9: D4 | E9: 0 | F9: 0 | G9: 0 | H9: 0 | I9: 0 | J9: 0 | K9: 2 | L9: 0 | M9: 0 | N9: 0 | O9: 0 | P9: 0 | Q9: 0 | R9: 0 | S9: =SUM(E9:R9) -> 2
A10: 2 | B10: EXODUS | C10: 3 | D10: E4 | E10: 140 | F10: 139 | G10: 195 | H10: 26 | I10: 301 | J10: 12 | K10: 45 | L10: 0 | M10: 20 | N10: 12 | O10: 67 | P10: 215 | Q10: 18 | R10: 0 | S10: =SUM(E10:R10) -> 1190
A11: 2 | B11: EXODUS | C11: 4 | D11: F4 | E11: 0 | F11: 0 | G11: 14 | H11: 0 | I11: 40 | J11: 0 | K11: 1 | L11: 0 | M11: 1 | N11: 1 | O11: 0 | P11: 2 | Q11: 0 | R11: 0 | S11: =SUM(E11:R11) -> 59
A12: 2 | B12: EXODUS | C12: 5 | D12: G4 | E12: 0 | F12: 2 | G12: 0 | H12: 0 | I12: 4 | J12: 0 | K12: 0 | L12: 0 | M12: 1 | N12: 0 | O12: 0 | P12: 1 | Q12: 0 | R12: 0 | S12: =SUM(E12:R12) -> 8
A13: 2 | B13: EXODUS | C13: 6 | D13: A4 | E13: 56 | F13: 49 | G13: 49 | H13: 42 | I13: 128 | J13: 10 | K13: 17 | L13: 0 | M13: 0 | N13: 1 | O13: 12 | P13: 101 | Q13: 5 | R13: 0 | S13: =SUM(E13:R13) -> 470
A14: 2 | B14: EXODUS | C14: 7 | D14: B4 | E14: 310 | F14: 35 | G14: 920 | H14: 23 | I14: 159 | J14: 22 | K14: 24 | L14: 0 | M14: 59 | N14: 68 | O14: 18 | P14: 80 | Q14: 5 | R14: 0 | S14: =SUM(E14:R14) -> 1723
A15: 2 | B15: EXODUS | C15: 8 | D15: C5 | E15: 1 | F15: 4 | G15: 299 | H15: 8 | I15: 707 | J15: 0 | K15: 1 | L15: 0 | M15: 0 | N15: 0 | O15: 3 | P15: 11 | Q15: 1 | R15: 0 | S15: =SUM(E15:R15) -> 1035
A16: book seq | B16: book | C16: degree | D16: note | E16: Revia | F16: Azla | G16: Zaqef-qatan | H16: Zaqef-gadol | I16: Pashta | J16: Telisha-gedola | K16: Telisha-qetana | L16: Qarne | M16: Tsinnor | N16: Segol | O16: Tarsin | P16: Qadma | Q16: Pazer | R16: Shalshelet | S16: =SUM(S9:S15) -> 4487
A17: 3 | B17: LEVITICUS | C17: 3 | D17: E4 | E17: 96 | F17: 110 | G17: 131 | H17: 20 | I17: 225 | J17: 24 | K17: 39 | L17: 0 | M17: 16 | N17: 7 | O17: 48 | P17: 182 | Q17: 12 | R17: 1 | S17: =SUM(E17:R17) -> 911
A18: 3 | B18: LEVITICUS | C18: 4 | D18: F4 | E18: 0 | F18: 0 | G18: 12 | H18: 1 | I18: 32 | J18: 0 | K18: 0 | L18: 0 | M18: 2 | N18: 1 | O18: 0 | P18: 0 | Q18: 0 | R18: 0 | S18: =SUM(E18:R18) -> 48
A19: 3 | B19: LEVITICUS | C19: 6 | D19: A4 | E19: 20 | F19: 28 | G19: 30 | H19: 14 | I19: 70 | J19: 12 | K19: 10 | L19: 0 | M19: 0 | N19: 0 | O19: 11 | P19: 70 | Q19: 8 | R19: 0 | S19: =SUM(E19:R19) -> 273
A20: 3 | B20: LEVITICUS | C20: 7 | D20: B4 | E20: 197 | F20: 35 | G20: 612 | H20: 15 | I20: 105 | J20: 19 | K20: 22 | L20: 0 | M20: 38 | N20: 47 | O20: 15 | P20: 76 | Q20: 7 | R20: 0 | S20: =SUM(E20:R20) -> 1188
A21: 3 | B21: LEVITICUS | C21: 8 | D21: C5 | E21: 0 | F21: 2 | G21: 202 | H21: 5 | I21: 468 | J21: 2 | K21: 0 | L21: 0 | M21: 0 | N21: 0 | O21: 2 | P21: 6 | Q21: 0 | R21: 0 | S21: =SUM(E21:R21) -> 687
A22: book seq | B22: book | C22: degree | D22: note | E22: Revia | F22: Azla | G22: Zaqef-qatan | H22: Zaqef-gadol | I22: Pashta | J22: Telisha-gedola | K22: Telisha-qetana | L22: Qarne | M22: Tsinnor | N22: Segol | O22: Tarsin | P22: Qadma | Q22: Pazer | R22: Shalshelet | S22: =SUM(S17:S21) -> 3107 | T22: =S22=Prose!C51 -> TRUE
A23: 4 | B23: NUMBERS | C23: 2 | D23: D4 | E23: 0 | F23: 1 | G23: 0 | H23: 0 | I23: 0 | J23: 0 | K23: 1 | L23: 1 | M23: 0 | N23: 0 | O23: 0 | P23: 1 | Q23: 0 | R23: 0 | S23: =SUM(E23:R23) -> 4
A24: 4 | B24: NUMBERS | C24: 3 | D24: E4 | E24: 134 | F24: 146 | G24: 206 | H24: 46 | I24: 304 | J24: 14 | K24: 43 | L24: 0 | M24: 19 | N24: 11 | O24: 66 | P24: 236 | Q24: 14 | R24: 0 | S24: =SUM(E24:R24) -> 1239
A25: 4 | B25: NUMBERS | C25: 4 | D25: F4 | E25: 0 | F25: 0 | G25: 21 | H25: 1 | I25: 51 | J25: 0 | K25: 0 | L25: 0 | M25: 5 | N25: 1 | O25: 0 | P25: 1 | Q25: 0 | R25: 0 | S25: =SUM(E25:R25) -> 80
A26: 4 | B26: NUMBERS | C26: 6 | D26: A4 | E26: 58 | F26: 36 | G26: 44 | H26: 46 | I26: 131 | J26: 15 | K26: 15 | L26: 0 | M26: 0 | N26: 0 | O26: 14 | P26: 96 | Q26: 1 | R26: 0 | S26: =SUM(E26:R26) -> 456
A27: 4 | B27: NUMBERS | C27: 7 | D27: B4 | E27: 302 | F27: 40 | G27: 807 | H27: 29 | I27: 134 | J27: 21 | K27: 29 | L27: 0 | M27: 72 | N27: 84 | O27: 32 | P27: 95 | Q27: 21 | R27: 0 | S27: =SUM(E27:R27) -> 1666
A28: 4 | B28: NUMBERS | C28: 8 | D28: C5 | E28: 3 | F28: 0 | G28: 280 | H28: 4 | I28: 598 | J28: 0 | K28: 0 | L28: 0 | M28: 0 | N28: 0 | O28: 2 | P28: 6 | Q28: 0 | R28: 0 | S28: =SUM(E28:R28) -> 893
A29: book seq | B29: book | C29: degree | D29: note | E29: Revia | F29: Azla | G29: Zaqef-qatan | H29: Zaqef-gadol | I29: Pashta | J29: Telisha-gedola | K29: Telisha-qetana | L29: Qarne | M29: Tsinnor | N29: Segol | O29: Tarsin | P29: Qadma | Q29: Pazer | R29: Shalshelet | S29: =SUM(S23:S28) -> 4338 | T29: =S29=Prose!C65 -> TRUE
A30: 5 | B30: DEUTERONOMY | C30: 2 | D30: D4 | E30: 0 | F30: 0 | G30: 0 | H30: 0 | I30: 0 | J30: 0 | K30: 1 | L30: 0 | M30: 0 | N30: 0 | O30: 0 | P30: 1 | Q30: 0 | R30: 0 | S30: =SUM(E30:R30) -> 2
A31: 5 | B31: DEUTERONOMY | C31: 3 | D31: E4 | E31: 144 | F31: 141 | G31: 176 | H31: 23 | I31: 263 | J31: 26 | K31: 57 | L31: 0 | M31: 19 | N31: 10 | O31: 63 | P31: 219 | Q31: 15 | R31: 0 | S31: =SUM(E31:R31) -> 1156
A32: 5 | B32: DEUTERONOMY | C32: 4 | D32: F4 | E32: 0 | F32: 0 | G32: 12 | H32: 0 | I32: 45 | J32: 0 | K32: 2 | L32: 0 | M32: 5 | N32: 3 | O32: 0 | P32: 1 | Q32: 0 | R32: 0 | S32: =SUM(E32:R32) -> 68
A33: 5 | B33: DEUTERONOMY | C33: 5 | D33: G4 | E33: 0 | F33: 1 | G33: 0 | H33: 0 | I33: 3 | J33: 0 | K33: 0 | L33: 0 | M33: 1 | N33: 0 | O33: 0 | P33: 2 | Q33: 0 | R33: 0 | S33: =SUM(E33:R33) -> 7
A34: 5 | B34: DEUTERONOMY | C34: 6 | D34: A4 | E34: 51 | F34: 40 | G34: 33 | H34: 18 | I34: 144 | J34: 7 | K34: 17 | L34: 0 | M34: 0 | N34: 1 | O34: 28 | P34: 83 | Q34: 3 | R34: 0 | S34: =SUM(E34:R34) -> 425
A35: 5 | B35: DEUTERONOMY | C35: 7 | D35: B4 | E35: 309 | F35: 61 | G35: 826 | H35: 23 | I35: 135 | J35: 33 | K35: 40 | L35: 0 | M35: 42 | N35: 55 | O35: 16 | P35: 130 | Q35: 15 | R35: 0 | S35: =SUM(E35:R35) -> 1685
A36: 5 | B36: DEUTERONOMY | C36: 8 | D36: C5 | E36: 5 | F36: 1 | G36: 241 | H36: 6 | I36: 627 | J36: 1 | K36: 0 | L36: 0 | M36: 0 | N36: 0 | O36: 1 | P36: 5 | Q36: 0 | R36: 0 | S36: =SUM(E36:R36) -> 887
S37: =SUM(S30:S36) -> 4230 | T37: missing 8 composite
G38: Zaqef-qatan | I38: Pashta
B39: =B6 -> GENESIS | C39: =C6 -> 7 | D39: =D6 -> B4 | E39: =E6 -> 356 | F39: =F6 -> 41 | G39: =G6 -> 1224 | H39: =H6 -> 44 | I39: =I6 -> 186 | ... R39: =R6 -> 0
B40: =B7 -> GENESIS | C40: =C7 -> 8 | D40: =D7 -> C5 | E40: =E7 -> 5 | F40: =F7 -> 1 | G40: =G7 -> 380 | H40: =H7 -> 11 | I40: =I7 -> 876 | ... R40: =R7 -> 0
B47: =B14 -> EXODUS | C47: =C14 -> 7 | D47: =D14 -> B4 | E47: =E14 -> 310 | F47: =F14 -> 35 | G47: =G14 -> 920 | H47: =H14 -> 23 | I47: =I14 -> 159 | ... R47: =R14 -> 0
B48: =B15 -> EXODUS | C48: =C15 -> 8 | D48: =D15 -> C5 | E48: =E15 -> 1 | F48: =F15 -> 4 | G48: =G15 -> 299 | H48: =H15 -> 8 | I48: =I15 -> 707 | ... R48: =R15 -> 0
B53: =B20 -> LEVITICUS | C53: =C20 -> 7 | D53: =D20 -> B4 | E53: =E20 -> 197 | F53: =F20 -> 35 | G53: =G20 -> 612 | H53: =H20 -> 15 | I53: =I20 -> 105 | ... R53: =R20 -> 0
B54: =B21 -> LEVITICUS | C54: =C21 -> 8 | D54: =D21 -> C5 | E54: =E21 -> 0 | F54: =F21 -> 2 | G54: =G21 -> 202 | H54: =H21 -> 5 | I54: =I21 -> 468 | ... R54: =R21 -> 0
B60: =B27 -> NUMBERS | C60: =C27 -> 7 | D60: =D27 -> B4 | E60: =E27 -> 302 | F60: =F27 -> 40 | G60: =G27 -> 807 | H60: =H27 -> 29 | I60: =I27 -> 134 | ... R60: =R27 -> 0
B61: =B28 -> NUMBERS | C61: =C28 -> 8 | D61: =D28 -> C5 | E61: =E28 -> 3 | F61: =F28 -> 0 | G61: =G28 -> 280 | H61: =H28 -> 4 | I61: =I28 -> 598 | ... R61: =R28 -> 0
B68: =B35 -> DEUTERONOMY | C68: =C35 -> 7 | D68: =D35 -> B4 | E68: =E35 -> 309 | F68: =F35 -> 61 | G68: =G35 -> 826 | H68: =H35 -> 23 | I68: =I35 -> 135 | ... R68: =R35 -> 0
B69: =B36 -> DEUTERONOMY | C69: =C36 -> 8 | D69: =D36 -> C5 | E69: =E36 -> 5 | F69: =F36 -> 1 | G69: =G36 -> 241 | H69: =H36 -> 6 | I69: =I36 -> 627 | ... R69: =R36 -> 0

Sheet Joshua-Judges
A1: book seq | B1: book | C1: degree | D1: note | E1: Revia | F1: Azla | G1: Zaefq-qatan | H1: Zaqef-gadol | I1: Pashta | J1: Telisha-gedola | K1: Telisha-qetana | L1: Qarne | M1: Tsinnor | N1: Segol | O1: Qadma | P1: Shalshelet
A2: 6 | B2: JOSHUA | C2: 2 | D2: D4 | E2: 0 | F2: 0 | G2: 0 | H2: 0 | I2: 0 | J2: 0 | K2: 0 | L2: 1 | M2: 0 | N2: 0 | O2: 0 | P2: 0
A3: 6 | B3: JOSHUA | C3: 3 | D3: E4 | E3: 100 | F3: 127 | G3: 103 | H3: 13 | I3: 195 | J3: 33 | K3: 46 | L3: 0 | M3: 4 | N3: 3 | O3: 181 | P3: 0
A4: 6 | B4: JOSHUA | C4: 4 | D4: F4 | E4: 1 | F4: 1 | G4: 10 | H4: 0 | I4: 31 | J4: 0 | K4: 0 | L4: 0 | M4: 6 | N4: 3 | O4: 1 | P4: 0
A5: 6 | B5: JOSHUA | C5: 6 | D5: A4 | E5: 43 | F5: 47 | G5: 15 | H5: 12 | I5: 61 | J5: 13 | K5: 21 | L5: 0 | M5: 0 | N5: 0 | O5: 87 | P5: 0
A6: 6 | B6: JOSHUA | C6: 7 | D6: B4 | E6: 216 | F6: 50 | G6: 530 | H6: 20 | I6: 109 | J6: 28 | K6: 40 | L6: 0 | M6: 27 | N6: 30 | O6: 96 | P6: 0
A7: 6 | B7: JOSHUA | C7: 8 | D7: C5 | E7: 3 | F7: 2 | G7: 214 | H7: 4 | I7: 484 | J7: 1 | K7: 1 | L7: 0 | M7: 0 | N7: 0 | O7: 6 | P7: 0
A8: book seq | B8: book | C8: degree | D8: note | E8: Revia | F8: Azla | G8: Zaqef-qatan | H8: Zaqef-gadol | I8: Pashta | J8: Telisha-gedola | K8: Telisha-qetana | L8: Qarne | M8: Tsinnor | N8: Segol | O8: Qadma | P8: Shalshelet
A9: 7 | B9: JUDGES | C9: 3 | D9: E4 | E9: 82 | F9: 97 | G9: 117 | H9: 12 | I9: 249 | J9: 13 | K9: 36 | L9: 0 | M9: 16 | N9: 4 | O9: 128 | P9: 0
A10: 7 | B10: JUDGES | C10: 4 | D10: F4 | E10: 0 | F10: 0 | G10: 11 | H10: 1 | I10: 27 | J10: 0 | K10: 0 | L10: 0 | M10: 3 | N10: 1 | O10: 0 | P10: 0
A11: 7 | B11: JUDGES | C11: 6 | D11: A4 | E11: 46 | F11: 40 | G11: 23 | H11: 16 | I11: 78 | J11: 10 | K11: 15 | L11: 0 | M11: 0 | N11: 0 | O11: 65 | P11: 0
A12: 7 | B12: JUDGES | C12: 7 | D12: B4 | E12: 210 | F12: 48 | G12: 644 | H12: 27 | I12: 108 | J12: 9 | K12: 37 | L12: 0 | M12: 25 | N12: 38 | O12: 80 | P12: 0
A13: 7 | B13: JUDGES | C13: 8 | D13: C5 | E13: 6 | F13: 0 | G13: 186 | H13: 6 | I13: 467 | J13: 0 | K13: 2 | L13: 0 | M13: 0 | N13: 0 | O13: 6 | P13: 0

Sheet Samuel
A1: book seq | B1: book | C1: degree | D1: note | E1: Revia | F1: Azla | G1: Zaqef-qatan | H1: Zaqef-gadol | I1: Pashta | J1: Telisha-gedola | K1: Telisha-qetana | L1: Qarne | M1: Tsinnor | N1: Segol | O1: Qadma | P1: Shalshelet
A2: 8 | B2: 1 SAMUEL | C2: 3 | D2: E4 | E2: 132 | F2: 157 | G2: 147 | H2: 19 | I2: 290 | J2: 15 | K2: 49 | L2: 0 | M2: 7 | N2: 6 | O2: 214 | P2: 0 | Q2: =SUM(E2:P2) -> 1036
A3: 8 | B3: 1 SAMUEL | C3: 4 | D3: F4 | E3: 0 | F3: 0 | G3: 12 | H3: 1 | I3: 37 | J3: 0 | K3: 0 | L3: 0 | M3: 2 | N3: 2 | O3: 0 | P3: 0 | Q3: =SUM(E3:P3) -> 54
A4: 8 | B4: 1 SAMUEL | C4: 6 | D4: A4 | E4: 53 | F4: 37 | G4: 22 | H4: 26 | I4: 92 | J4: 7 | K4: 21 | L4: 0 | M4: 0 | N4: 0 | O4: 73 | P4: 0 | Q4: =SUM(E4:P4) -> 331
A5: 8 | B5: 1 SAMUEL | C5: 7 | D5: B4 | E5: 289 | F5: 52 | G5: 819 | H5: 23 | I5: 130 | J5: 26 | K5: 38 | L5: 0 | M5: 33 | N5: 32 | O5: 97 | P5: 0 | Q5: =SUM(E5:P5) -> 1539
A6: 8 | B6: 1 SAMUEL | C6: 8 | D6: C5 | E6: 7 | F6: 5 | G6: 325 | H6: 5 | I6: 698 | J6: 1 | K6: 3 | L6: 0 | M6: 0 | N6: 0 | O6: 19 | P6: 0 | Q6: =SUM(E6:P6) -> 1063
A7: book seq | B7: book | C7: degree | D7: note | E7: Revia | F7: Azla | G7: Zaqef-qatan | H7: Zaqef-gadol | I7: Pashta | J7: Telisha-gedola | K7: Telisha-qetana | L7: Qarne | M7: Tsinnor | N7: Segol | O7: Qadma | P7: Shalshelet | Q7: =SUM(Q2:Q6) -> 4023 | R7: 31316 | S7: =Q7/R7 -> 0.12846468
A8: 9 | B8: 2 SAMUEL | C8: 2 | D8: D4 | E8: 0 | F8: 1 | G8: 0 | H8: 0 | I8: 0 | J8: 0 | K8: 1 | L8: 1 | M8: 0 | N8: 0 | O8: 1 | P8: 0 | Q8: =SUM(E8:P8) -> 4
A9: 9 | B9: 2 SAMUEL | C9: 3 | D9: E4 | E9: 71 | F9: 95 | G9: 119 | H9: 23 | I9: 230 | J9: 15 | K9: 41 | L9: 0 | M9: 4 | N9: 3 | O9: 131 | P9: 0 | Q9: =SUM(E9:P9) -> 732
A10: 9 | B10: 2 SAMUEL | C10: 4 | D10: F4 | E10: 1 | F10: 0 | G10: 18 | H10: 1 | I10: 40 | J10: 0 | K10: 0 | L10: 0 | M10: 4 | N10: 3 | O10: 1 | P10: 0 | Q10: =SUM(E10:P10) -> 68
A11: 9 | B11: 2 SAMUEL | C11: 6 | D11: A4 | E11: 54 | F11: 44 | G11: 24 | H11: 22 | I11: 96 | J11: 4 | K11: 15 | L11: 0 | M11: 0 | N11: 0 | O11: 73 | P11: 0 | Q11: =SUM(E11:P11) -> 332
A12: 9 | B12: 2 SAMUEL | C12: 7 | D12: B4 | E12: 277 | F12: 43 | G12: 614 | H12: 26 | I12: 110 | J12: 25 | K12: 44 | L12: 0 | M12: 17 | N12: 18 | O12: 94 | P12: 0 | Q12: =SUM(E12:P12) -> 1268
A13: 9 | B13: 2 SAMUEL | C13: 8 | D13: C5 | E13: 9 | F13: 3 | G13: 239 | H13: 6 | I13: 575 | J13: 3 | K13: 1 | L13: 0 | M13: 0 | N13: 0 | O13: 8 | P13: 0 | Q13: =SUM(E13:P13) -> 844
Q14: =SUM(Q8:Q13) -> 3248 | R14: 25868 | S14: =Q14/R14 -> 0.12556054
E39: 1 Sam z-q | F39: =I1 -> Pashta | G39: 2 Sam z-q | H39: Pashta
D40: =D9 -> E4 | E40: =G2 -> 147 | F40: =I2 -> 290 | G40: =G9 -> 119 | H40: =I9 -> 230
D41: =D10 -> F4 | E41: =G3 -> 12 | F41: =I3 -> 37 | G41: =G10 -> 18 | H41: =I10 -> 40
D42: =D11 -> A4 | E42: =G4 -> 22 | F42: =I4 -> 92 | G42: =G11 -> 24 | H42: =I11 -> 96
D43: =D12 -> B4 | E43: =G5 -> 819 | F43: =I5 -> 130 | G43: =G12 -> 614 | H43: =I12 -> 110
D44: =D13 -> C5 | E44: =G6 -> 325 | F44: =I6 -> 698 | G44: =G13 -> 239 | H44: =I13 -> 575
E45: =SUM(E40:E44) -> 1325 | F45: =SUM(F40:F44) -> 1247 | G45: =SUM(G40:G44) -> 1014 | H45: =SUM(H40:H44) -> 1051
E46: =E45/$R$7 -> 0.04231064 | F46: =F45/$R$7 -> 0.0398199 | G46: =G45/$R$14 -> 0.03919901 | H46: =H45/$R$14 -> 0.040629349

Sheet Kings
A1: book seq | B1: book | C1: degree | D1: note | E1: Revia | F1: Azla | G1: Zaqef-qatan | H1: Zaqef-gadol | I1: Pashta | J1: Telisha-gedola | K1: Telisha-qetana | L1: Qarne | M1: Tsinnor | N1: Segol | O1: Qadma | P1: Shalshelet
A2: 10 | B2: 1 KINGS | C2: 3 | D2: E4 | E2: 111 | F2: 129 | G2: 129 | H2: 26 | I2: 286 | J2: 28 | K2: 61 | L2: 0 | M2: 16 | N2: 9 | O2: 214 | P2: 0
A3: 10 | B3: 1 KINGS | C3: 4 | D3: F4 | E3: 0 | F3: 0 | G3: 11 | H3: 0 | I3: 23 | J3: 0 | K3: 0 | L3: 0 | M3: 2 | N3: 2 | O3: 1 | P3: 0
A4: 10 | B4: 1 KINGS | C4: 6 | D4: A4 | E4: 51 | F4: 42 | G4: 25 | H4: 18 | I4: 112 | J4: 18 | K4: 15 | L4: 0 | M4: 0 | N4: 0 | O4: 75 | P4: 0
A5: 10 | B5: 1 KINGS | C5: 7 | D5: B4 | E5: 326 | F5: 56 | G5: 843 | H5: 32 | I5: 167 | J5: 29 | K5: 40 | L5: 0 | M5: 25 | N5: 31 | O5: 107 | P5: 0
A6: 10 | B6: 1 KINGS | C6: 8 | D6: C5 | E6: 4 | F6: 0 | G6: 222 | H6: 12 | I6: 636 | J6: 1 | K6: 2 | L6: 0 | M6: 0 | N6: 0 | O6: 12 | P6: 0
A7: book seq | B7: book | C7: degree | D7: note | E7: Revia | F7: Azla | G7: Zaqef-qatan | H7: Zaqef-gadol | I7: Pashta | J7: Telisha-gedola | K7: Telisha-qetana | L7: Qarne | M7: Tsinnor | N7: Segol | O7: Qadma | P7: Shalshelet
A8: 11 | B8: 2 KINGS | C8: 2 | D8: D4 | E8: 0 | F8: 0 | G8: 0 | H8: 0 | I8: 0 | J8: 0 | K8: 1 | L8: 1 | M8: 0 | N8: 0 | O8: 1 | P8: 0
A9: 11 | B9: 2 KINGS | C9: 3 | D9: E4 | E9: 100 | F9: 117 | G9: 119 | H9: 27 | I9: 278 | J9: 25 | K9: 58 | L9: 0 | M9: 15 | N9: 5 | O9: 173 | P9: 0
A10: 11 | B10: 2 KINGS | C10: 4 | D10: F4 | E10: 0 | F10: 0 | G10: 7 | H10: 1 | I10: 26 | J10: 0 | K10: 0 | L10: 0 | M10: 2 | N10: 1 | O10: 0 | P10: 0
A11: 11 | B11: 2 KINGS | C11: 6 | D11: A4 | E11: 53 | F11: 47 | G11: 31 | H11: 16 | I11: 80 | J11: 18 | K11: 14 | L11: 0 | M11: 0 | N11: 0 | O11: 77 | P11: 0
A12: 11 | B12: 2 KINGS | C12: 7 | D12: B4 | E12: 318 | F12: 70 | G12: 743 | H12: 22 | I12: 133 | J12: 32 | K12: 41 | L12: 0 | M12: 37 | N12: 41 | O12: 111 | P12: 0
A13: 11 | B13: 2 KINGS | C13: 8 | D13: C5 | E13: 4 | F13: 2 | G13: 200 | H13: 7 | I13: 570 | J13: 1 | K13: 0 | L13: 0 | M13: 0 | N13: 0 | O13: 9 | P13: 0

Sheet Isaiah
A1: book seq | B1: book | C1: degree | D1: note | E1: Revia | F1: Azla | G1: Zaqef-qatan | H1: Zaqef-gadol | I1: Pashta | J1: Telisha-gedola | K1: Telisha-qetana | L1: Qarne | M1: Tsinnor | N1: Segol | O1: Qadma | P1: Shalshelet
A2: 12 | B2: ISAIAH | C2: 3 | D2: E4 | E2: 98 | F2: 76 | G2: 204 | H2: 22 | I2: 374 | J2: 15 | K2: 23 | L2: 0 | M2: 7 | N2: 3 | O2: 140 | P2: 1
A3: 12 | B3: ISAIAH | C3: 4 | D3: F4 | E3: 0 | F3: 0 | G3: 27 | H3: 0 | I3: 54 | J3: 0 | K3: 0 | L3: 0 | M3: 0 | N3: 0 | O3: 0 | P3: 0
A4: 12 | B4: ISAIAH | C4: 6 | D4: A4 | E4: 42 | F4: 28 | G4: 42 | H4: 22 | I4: 214 | J4: 7 | K4: 10 | L4: 0 | M4: 0 | N4: 0 | O4: 62 | P4: 0
A5: 12 | B5: ISAIAH | C5: 7 | D5: B4 | E5: 257 | F5: 34 | G5: 1058 | H5: 13 | I5: 140 | J5: 15 | K5: 22 | L5: 0 | M5: 22 | N5: 22 | O5: 67 | P5: 0
A6: 12 | B6: ISAIAH | C6: 8 | D6: C5 | E6: 1 | F6: 0 | G6: 443 | H6: 5 | I6: 979 | J6: 0 | K6: 1 | L6: 0 | M6: 0 | N6: 0 | O6: 6 | P6: 0

Sheet Jeremiah
A1: book seq | B1: book | C1: degree | D1: note | E1: Revia | F1: Azla | G1: Zaefq-qatan | H1: Zaqef-gadol | I1: Pashta | J1: Telisha-gedola | K1: Telisha-qetana | L1: Qarne | M1: Tsinnor | N1: Segol | O1: Qadma | P1: Shalshelet
A2: 13 | B2: JEREMIAH | C2: 2 | D2: D4 | E2: 0 | F2: 1 | G2: 0 | H2: 0 | I2: 0 | J2: 0 | K2: 0 | L2: 2 | M2: 0 | N2: 0 | O2: 1 | P2: 0
A3: 13 | B3: JEREMIAH | C3: 3 | D3: E4 | E3: 193 | F3: 190 | G3: 251 | H3: 33 | I3: 498 | J3: 38 | K3: 89 | L3: 0 | M3: 18 | N3: 8 | O3: 278 | P3: 0
A4: 13 | B4: JEREMIAH | C4: 4 | D4: F4 | E4: 2 | F4: 0 | G4: 28 | H4: 1 | I4: 57 | J4: 0 | K4: 0 | L4: 0 | M4: 3 | N4: 1 | O4: 0 | P4: 0
A5: 13 | B5: JEREMIAH | C5: 6 | D5: A4 | E5: 71 | F5: 68 | G5: 43 | H5: 30 | I5: 175 | J5: 10 | K5: 34 | L5: 0 | M5: 0 | N5: 0 | O5: 117 | P5: 0
A6: 13 | B6: JEREMIAH | C6: 7 | D6: B4 | E6: 465 | F6: 108 | G6: 1288 | H6: 33 | I6: 213 | J6: 46 | K6: 53 | L6: 0 | M6: 44 | N6: 54 | O6: 175 | P6: 0
A7: 13 | B7: JEREMIAH | C7: 8 | D7: C5 | E7: 7 | F7: 1 | G7: 441 | H7: 7 | I7: 1042 | J7: 3 | K7: 2 | L7: 0 | M7: 0 | N7: 0 | O7: 18 | P7: 0

Sheet Ezekiel
A1: book seq | B1: book | C1: degree | D1: note | E1: Revia | F1: Azla | G1: Zaqef-qatan | H1: Zaqef-gadol | I1: Pashta | J1: Telisha-gedola | K1: Telisha-qetana | L1: Qarne | M1: Tsinnor | N1: Segol | O1: Tarsin | P1: Qadma | Q1: Pazer | R1: Shalshelet | T1: shalshelet
A2: 14 | B2: EZEKIEL | C2: 2 | D2: D4 | E2: 0 | F2: 0 | G2: 0 | H2: 0 | I2: 0 | J2: 0 | K2: 0 | L2: 1 | M2: 0 | N2: 0 | O2: 0 | P2: 0 | Q2: 0 | R2: 0 | S2: =SUM(E2:R2) -> 1 | T2: qarne-farah | U2: 1 | V2: =U2=L8 -> TRUE
A3: 14 | B3: EZEKIEL | C3: 3 | D3: E4 | E3: 188 | F3: 152 | G3: 183 | H3: 49 | I3: 407 | J3: 22 | K3: 55 | L3: 0 | M3: 25 | N3: 6 | O3: 65 | P3: 231 | Q3: 25 | R3: 0 | S3: =SUM(E3:R3) -> 1408 | T3: pazer | U3: 63 | V3: =U3=Q8 -> TRUE
A4: 14 | B4: EZEKIEL | C4: 4 | D4: F4 | E4: 1 | F4: 0 | G4: 16 | H4: 0 | I4: 46 | J4: 0 | K4: 0 | L4: 0 | M4: 2 | N4: 1 | O4: 0 | P4: 1 | Q4: 0 | R4: 0 | S4: =SUM(E4:R4) -> 67 | T4: telisha-gedola | U4: 68 | V4: =U4=J8 -> TRUE
A5: 14 | B5: EZEKIEL | C5: 6 | D5: A4 | E5: 61 | F5: 69 | G5: 42 | H5: 38 | I5: 154 | J5: 9 | K5: 25 | L5: 0 | M5: 0 | N5: 0 | O5: 20 | P5: 117 | Q5: 3 | R5: 0 | S5: =SUM(E5:R5) -> 538 | T5: segol | U5: 70
A6: 14 | B6: EZEKIEL | C6: 7 | D6: B4 | E6: 411 | F6: 68 | G6: 1234 | H6: 41 | I6: 216 | J6: 37 | K6: 42 | L6: 0 | M6: 43 | N6: 63 | O6: 21 | P6: 125 | Q6: 35 | R6: 0 | S6: =SUM(E6:R6) -> 2336 | T6: tsinnor | U6: 70
A7: 14 | B7: EZEKIEL | C7: 8 | D7: C5 | E7: 5 | F7: 2 | G7: 384 | H7: 12 | I7: 1019 | J7: 0 | K7: 0 | L7: 0 | M7: 0 | N7: 0 | O7: 0 | P7: 7 | Q7: 0 | R7: 0 | S7: =SUM(E7:R7) -> 1429 | T7: tarsin | U7: 106 | V7: missing
E8: =SUM(E2:E7) -> 666 | F8: =SUM(F2:F7) -> 291 | G8: =SUM(G2:G7) -> 1859 | H8: =SUM(H2:H7) -> 140 | I8: =SUM(I2:I7) -> 1842 | J8: =SUM(J2:J7) -> 68 | K8: =SUM(K2:K7) -> 122 | L8: =SUM(L2:L7) -> 1 | ... R8: =SUM(R2:R7) -> 0 | S8: =SUM(E8:R8) -> 5779 | T8: telisha-qetana | U8: 122
T9: zaqef-gadol | U9: 140
T10: azla | U10: 291
T11: qadma | U11: 481
T12: revia | U12: 666
T13: pashta | U13: 1842
T14: zaqef-qatan | U14: 1859
U15: =SUM(U2:U14) -> 5779

Sheet The-Twelve
A1: book seq | B1: book | C1: degree | D1: note | E1: Revia | F1: Azla | G1: Zaqef-qatan | H1: Zaqef-gadol | I1: Pashta | J1: Telisha-gedola | K1: Telisha-qetana | L1: Qarne | M1: Tsinnor | N1: Segol | O1: Qadma | P1: Shalshelet
A2: 15 | B2: HOSEA | C2: 3 | D2: E4 | E2: 14 | F2: 9 | G2: 37 | H2: 10 | I2: 60 | J2: 3 | K2: 0 | L2: 0 | M2: 0 | N2: 0 | O2: 14 | P2: 0 | Q2: =SUM(E2:P2) -> 147
A3: 15 | B3: HOSEA | C3: 4 | D3: F4 | E3: 0 | F3: 0 | G3: 5 | H3: 0 | I3: 15 | J3: 0 | K3: 0 | L3: 0 | M3: 1 | N3: 0 | O3: 0 | P3: 0 | Q3: =SUM(E3:P3) -> 21
A4: 15 | B4: HOSEA | C4: 6 | D4: A4 | E4: 8 | F4: 5 | G4: 4 | H4: 7 | I4: 28 | J4: 0 | K4: 1 | L4: 0 | M4: 0 | N4: 0 | O4: 7 | P4: 0 | Q4: =SUM(E4:P4) -> 60
A5: 15 | B5: HOSEA | C5: 7 | D5: B4 | E5: 38 | F5: 2 | G5: 158 | H5: 3 | I5: 23 | J5: 1 | K5: 2 | L5: 0 | M5: 1 | N5: 2 | O5: 7 | P5: 0 | Q5: =SUM(E5:P5) -> 237
A6: 15 | B6: HOSEA | C6: 8 | D6: C5 | E6: 0 | F6: 0 | G6: 60 | H6: 0 | I6: 112 | J6: 0 | K6: 0 | L6: 0 | M6: 0 | N6: 0 | O6: 0 | P6: 0 | Q6: =SUM(E6:P6) -> 172
E7: =SUM(E2:E6) -> 60 | F7: =SUM(F2:F6) -> 16 | G7: =SUM(G2:G6) -> 264 | H7: =SUM(H2:H6) -> 20 | I7: =SUM(I2:I6) -> 238 | J7: =SUM(J2:J6) -> 4 | K7: =SUM(K2:K6) -> 3 | L7: =SUM(L2:L6) -> 0 | ... P7: =SUM(P2:P6) -> 0 | Q7: =SUM(E7:P7) -> 637
A8: book seq | B8: book | C8: degree | D8: note | E8: Revia | F8: Azla | G8: Zaqef-qatan | H8: Zaqef-gadol | I8: Pashta | J8: Telisha-gedola | K8: Telisha-qetana | L8: Qarne | M8: Tsinnor | N8: Segol | O8: Qadma | P8: Shalshelet
A9: 16 | B9: JOEL | C9: 3 | D9: E4 | E9: 8 | F9: 4 | G9: 19 | H9: 2 | I9: 34 | J9: 1 | K9: 1 | L9: 0 | M9: 0 | N9: 0 | O9: 4 | P9: 0 | Q9: =SUM(E9:P9) -> 73
A10: 16 | B10: JOEL | C10: 4 | D10: F4 | E10: 0 | F10: 0 | G10: 0 | H10: 0 | I10: 1 | J10: 0 | K10: 0 | L10: 0 | M10: 0 | N10: 0 | O10: 0 | P10: 0 | Q10: =SUM(E10:P10) -> 1
A11: 16 | B11: JOEL | C11: 6 | D11: A4 | E11: 5 | F11: 3 | G11: 3 | H11: 2 | I11: 8 | J11: 1 | K11: 0 | L11: 0 | M11: 0 | N11: 0 | O11: 5 | P11: 0 | Q11: =SUM(E11:P11) -> 27
A12: 16 | B12: JOEL | C12: 7 | D12: B4 | E12: 22 | F12: 0 | G12: 72 | H12: 2 | I12: 15 | J12: 0 | K12: 0 | L12: 0 | M12: 1 | N12: 1 | O12: 4 | P12: 0 | Q12: =SUM(E12:P12) -> 117
A13: 16 | B13: JOEL | C13: 8 | D13: C5 | E13: 1 | F13: 0 | G13: 21 | H13: 0 | I13: 46 | J13: 0 | K13: 0 | L13: 0 | M13: 0 | N13: 0 | O13: 0 | P13: 0 | Q13: =SUM(E13:P13) -> 68
E14: =SUM(E9:E13) -> 36 | F14: =SUM(F9:F13) -> 7 | G14: =SUM(G9:G13) -> 115 | H14: =SUM(H9:H13) -> 6 | I14: =SUM(I9:I13) -> 104 | J14: =SUM(J9:J13) -> 2 | K14: =SUM(K9:K13) -> 1 | L14: =SUM(L9:L13) -> 0 | ... P14: =SUM(P9:P13) -> 0 | Q14: =SUM(E14:P14) -> 286
A15: book seq | B15: book | C15: degree | D15: note | E15: Revia | F15: Azla | G15: Zaqef-qatan | H15: Zaqef-gadol | I15: Pashta | J15: Telisha-gedola | K15: Telisha-qetana | L15: Qarne | M15: Tsinnor | N15: Segol | O15: Qadma | P15: Shalshelet
A16: 17 | B16: AMOS | C16: 3 | D16: E4 | E16: 18 | F16: 18 | G16: 19 | H16: 2 | I16: 35 | J16: 3 | K16: 6 | L16: 0 | M16: 2 | N16: 0 | O16: 21 | P16: 1 | Q16: =SUM(E16:P16) -> 125
A17: 17 | B17: AMOS | C17: 4 | D17: F4 | E17: 0 | F17: 0 | G17: 1 | H17: 0 | I17: 5 | J17: 0 | K17: 0 | L17: 0 | M17: 0 | N17: 0 | O17: 0 | P17: 0 | Q17: =SUM(E17:P17) -> 6
A18: 17 | B18: AMOS | C18: 6 | D18: A4 | E18: 9 | F18: 6 | G18: 2 | H18: 1 | I18: 13 | J18: 1 | K18: 1 | L18: 0 | M18: 0 | N18: 0 | O18: 12 | P18: 0 | Q18: =SUM(E18:P18) -> 45
A19: 17 | B19: AMOS | C19: 7 | D19: B4 | E19: 26 | F19: 3 | G19: 119 | H19: 1 | I19: 20 | J19: 0 | K19: 3 | L19: 0 | M19: 2 | N19: 4 | O19: 9 | P19: 0 | Q19: =SUM(E19:P19) -> 187
A20: 17 | B20: AMOS | C20: 8 | D20: C5 | E20: 0 | F20: 0 | G20: 57 | H20: 1 | I20: 118 | J20: 0 | K20: 0 | L20: 0 | M20: 0 | N20: 0 | O20: 2 | P20: 0 | Q20: =SUM(E20:P20) -> 178
E21: =SUM(E16:E20) -> 53 | F21: =SUM(F16:F20) -> 27 | G21: =SUM(G16:G20) -> 198 | H21: =SUM(H16:H20) -> 5 | I21: =SUM(I16:I20) -> 191 | J21: =SUM(J16:J20) -> 4 | K21: =SUM(K16:K20) -> 10 | L21: =SUM(L16:L20) -> 0 | ... P21: =SUM(P16:P20) -> 1 | Q21: =SUM(E21:P21) -> 541
A22: book seq | B22: book | C22: degree | D22: note | E22: Revia | F22: Azla | G22: Zaqef-qatan | H22: Zaqef-gadol | I22: Pashta | J22: Telisha-gedola | K22: Telisha-qetana | L22: Qarne | M22: Tsinnor | N22: Segol | O22: Qadma | P22: Shalshelet
A23: 18 | B23: OBADIAH | C23: 3 | D23: E4 | E23: 2 | F23: 4 | G23: 2 | H23: 0 | I23: 8 | J23: 1 | K23: 2 | L23: 0 | M23: 0 | N23: 0 | O23: 5 | P23: 0 | Q23: =SUM(E23:P23) -> 24
A24: 18 | B24: OBADIAH | C24: 6 | D24: A4 | E24: 1 | F24: 0 | G24: 0 | H24: 1 | I24: 0 | J24: 0 | K24: 0 | L24: 0 | M24: 0 | N24: 0 | O24: 0 | P24: 0 | Q24: =SUM(E24:P24) -> 2
A25: 18 | B25: OBADIAH | C25: 7 | D25: B4 | E25: 4 | F25: 0 | G25: 21 | H25: 0 | I25: 4 | J25: 0 | K25: 0 | L25: 0 | M25: 0 | N25: 0 | O25: 0 | P25: 0 | Q25: =SUM(E25:P25) -> 29
A26: 18 | B26: OBADIAH | C26: 8 | D26: C5 | E26: 0 | F26: 0 | G26: 3 | H26: 0 | I26: 12 | J26: 0 | K26: 0 | L26: 0 | M26: 0 | N26: 0 | O26: 0 | P26: 0 | Q26: =SUM(E26:P26) -> 15
E27: =SUM(E23:E26) -> 7 | F27: =SUM(F23:F26) -> 4 | G27: =SUM(G23:G26) -> 26 | H27: =SUM(H23:H26) -> 1 | I27: =SUM(I23:I26) -> 24 | J27: =SUM(J23:J26) -> 1 | K27: =SUM(K23:K26) -> 2 | L27: =SUM(L23:L26) -> 0 | ... P27: =SUM(P23:P26) -> 0 | Q27: =SUM(E27:P27) -> 70
A28: book seq | B28: book | C28: degree | D28: note | E28: Revia | F28: Azla | G28: Zaqef-qatan | H28: Zaqef-gadol | I28: Pashta | J28: Telisha-gedola | K28: Telisha-qetana | L28: Qarne | M28: Tsinnor | N28: Segol | O28: Qadma | P28: Shalshelet
A29: 19 | B29: JONAH | C29: 3 | D29: E4 | E29: 8 | F29: 3 | G29: 14 | H29: 0 | I29: 16 | J29: 3 | K29: 0 | L29: 0 | M29: 1 | N29: 0 | O29: 4 | P29: 0 | Q29: =SUM(E29:P29) -> 49
A30: 19 | B30: JONAH | C30: 4 | D30: F4 | E30: 0 | F30: 0 | G30: 1 | H30: 0 | I30: 3 | J30: 0 | K30: 0 | L30: 0 | M30: 0 | N30: 0 | O30: 0 | P30: 0 | Q30: =SUM(E30:P30) -> 4
A31: 19 | B31: JONAH | C31: 6 | D31: A4 | E31: 3 | F31: 3 | G31: 1 | H31: 1 | I31: 6 | J31: 0 | K31: 1 | L31: 0 | M31: 0 | N31: 0 | O31: 3 | P31: 0 | Q31: =SUM(E31:P31) -> 18
A32: 19 | B32: JONAH | C32: 7 | D32: B4 | E32: 15 | F32: 3 | G32: 43 | H32: 0 | I32: 7 | J32: 0 | K32: 1 | L32: 0 | M32: 0 | N32: 1 | O32: 3 | P32: 0 | Q32: =SUM(E32:P32) -> 73
A33: 19 | B33: JONAH | C33: 8 | D33: C5 | E33: 0 | F33: 0 | G33: 13 | H33: 1 | I33: 34 | J33: 0 | K33: 0 | L33: 0 | M33: 0 | N33: 0 | O33: 0 | P33: 0 | Q33: =SUM(E33:P33) -> 48
E34: =SUM(E29:E33) -> 26 | F34: =SUM(F29:F33) -> 9 | G34: =SUM(G29:G33) -> 72 | H34: =SUM(H29:H33) -> 2 | I34: =SUM(I29:I33) -> 66 | J34: =SUM(J29:J33) -> 3 | K34: =SUM(K29:K33) -> 2 | L34: =SUM(L29:L33) -> 0 | ... P34: =SUM(P29:P33) -> 0 | Q34: =SUM(E34:P34) -> 192
A35: book seq | B35: book | C35: degree | D35: note | E35: Revia | F35: Azla | G35: Zaqef-qatan | H35: Zaqef-gadol | I35: Pashta | J35: Telisha-gedola | K35: Telisha-qetana | L35: Qarne | M35: Tsinnor | N35: Segol | O35: Qadma | P35: Shalshelet
A36: 20 | B36: MICAH | C36: 3 | D36: E4 | E36: 17 | F36: 6 | G36: 20 | H36: 2 | I36: 42 | J36: 0 | K36: 2 | L36: 0 | M36: 0 | N36: 0 | O36: 5 | P36: 0 | Q36: =SUM(E36:P36) -> 94
A37: 20 | B37: MICAH | C37: 4 | D37: F4 | E37: 0 | F37: 0 | G37: 1 | H37: 0 | I37: 4 | J37: 0 | K37: 0 | L37: 0 | M37: 0 | N37: 0 | O37: 0 | P37: 0 | Q37: =SUM(E37:P37) -> 5
A38: 20 | B38: MICAH | C38: 6 | D38: A4 | E38: 5 | F38: 3 | G38: 4 | H38: 2 | I38: 20 | J38: 2 | K38: 3 | L38: 0 | M38: 0 | N38: 0 | O38: 9 | P38: 0 | Q38: =SUM(E38:P38) -> 48
A39: 20 | B39: MICAH | C39: 7 | D39: B4 | E39: 22 | F39: 0 | G39: 107 | H39: 2 | I39: 21 | J39: 1 | K39: 0 | L39: 0 | M39: 1 | N39: 1 | O39: 1 | P39: 0 | Q39: =SUM(E39:P39) -> 156
A40: 20 | B40: MICAH | C40: 8 | D40: C5 | E40: 0 | F40: 0 | G40: 30 | H40: 0 | I40: 67 | J40: 0 | K40: 0 | L40: 0 | M40: 0 | N40: 0 | O40: 1 | P40: 0 | Q40: =SUM(E40:P40) -> 98
E41: =SUM(E36:E40) -> 44 | F41: =SUM(F36:F40) -> 9 | G41: =SUM(G36:G40) -> 162 | H41: =SUM(H36:H40) -> 6 | I41: =SUM(I36:I40) -> 154 | J41: =SUM(J36:J40) -> 3 | K41: =SUM(K36:K40) -> 5 | L41: =SUM(L36:L40) -> 0 | ... P41: =SUM(P36:P40) -> 0 | Q41: =SUM(E41:P41) -> 401
A42: book seq | B42: book | C42: degree | D42: note | E42: Revia | F42: Azla | G42: Zaqef-qatan | H42: Zaqef-gadol | I42: Pashta | J42: Telisha-gedola | K42: Telisha-qetana | L42: Qarne | M42: Tsinnor | N42: Segol | O42: Qadma | P42: Shalshelet
A43: 21 | B43: NAHUM | C43: 3 | D43: E4 | E43: 3 | F43: 2 | G43: 12 | H43: 1 | I43: 16 | J43: 0 | K43: 0 | L43: 0 | M43: 0 | N43: 0 | O43: 4 | P43: 0 | Q43: =SUM(E43:P43) -> 38
A44: 21 | B44: NAHUM | C44: 4 | D44: F4 | E44: 0 | F44: 0 | G44: 2 | H44: 1 | I44: 4 | J44: 0 | K44: 0 | L44: 0 | M44: 0 | N44: 0 | O44: 0 | P44: 0 | Q44: =SUM(E44:P44) -> 7
A45: 21 | B45: NAHUM | C45: 6 | D45: A4 | E45: 3 | F45: 2 | G45: 3 | H45: 1 | I45: 6 | J45: 0 | K45: 1 | L45: 0 | M45: 0 | N45: 0 | O45: 6 | P45: 0 | Q45: =SUM(E45:P45) -> 22
A46: 21 | B46: NAHUM | C46: 7 | D46: B4 | E46: 6 | F46: 0 | G46: 39 | H46: 0 | I46: 6 | J46: 0 | K46: 1 | L46: 0 | M46: 0 | N46: 0 | O46: 1 | P46: 0 | Q46: =SUM(E46:P46) -> 53
A47: 21 | B47: NAHUM | C47: 8 | D47: C5 | E47: 1 | F47: 0 | G47: 14 | H47: 0 | I47: 33 | J47: 0 | K47: 0 | L47: 0 | M47: 0 | N47: 0 | O47: 0 | P47: 0 | Q47: =SUM(E47:P47) -> 48
E48: =SUM(E43:E47) -> 13 | F48: =SUM(F43:F47) -> 4 | G48: =SUM(G43:G47) -> 70 | H48: =SUM(H43:H47) -> 3 | I48: =SUM(I43:I47) -> 65 | J48: =SUM(J43:J47) -> 0 | K48: =SUM(K43:K47) -> 2 | L48: =SUM(L43:L47) -> 0 | ... P48: =SUM(P43:P47) -> 0 | Q48: =SUM(E48:P48) -> 168
A49: book seq | B49: book | C49: degree | D49: note | E49: Revia | F49: Azla | G49: Zaqef-qatan | H49: Zaqef-gadol | I49: Pashta | J49: Telisha-gedola | K49: Telisha-qetana | L49: Qarne | M49: Tsinnor | N49: Segol | O49: Qadma | P49: Shalshelet
A50: 22 | B50: HABAKKUK | C50: 3 | D50: E4 | E50: 4 | F50: 1 | G50: 6 | H50: 1 | I50: 18 | J50: 0 | K50: 0 | L50: 0 | M50: 0 | N50: 0 | O50: 1 | P50: 0 | Q50: =SUM(E50:P50) -> 31
A51: 22 | B51: HABAKKUK | C51: 6 | D51: A4 | E51: 3 | F51: 1 | G51: 3 | H51: 2 | I51: 6 | J51: 0 | K51: 1 | L51: 0 | M51: 0 | N51: 0 | O51: 1 | P51: 0 | Q51: =SUM(E51:P51) -> 17
A52: 22 | B52: HABAKKUK | C52: 7 | D52: B4 | E52: 9 | F52: 0 | G52: 40 | H52: 2 | I52: 6 | J52: 0 | K52: 0 | L52: 0 | M52: 1 | N52: 1 | O52: 0 | P52: 0 | Q52: =SUM(E52:P52) -> 59
A53: 22 | B53: HABAKKUK | C53: 8 | D53: C5 | E53: 0 | F53: 0 | G53: 25 | H53: 0 | I53: 46 | J53: 0 | K53: 0 | L53: 0 | M53: 0 | N53: 0 | O53: 0 | P53: 0 | Q53: =SUM(E53:P53) -> 71
E54: =SUM(E50:E53) -> 16 | F54: =SUM(F50:F53) -> 2 | G54: =SUM(G50:G53) -> 74 | H54: =SUM(H50:H53) -> 5 | I54: =SUM(I50:I53) -> 76 | J54: =SUM(J50:J53) -> 0 | K54: =SUM(K50:K53) -> 1 | L54: =SUM(L50:L53) -> 0 | ... P54: =SUM(P50:P53) -> 0 | Q54: =SUM(E54:P54) -> 178
A55: book seq | B55: book | C55: degree | D55: note | E55: Revia | F55: Azla | G55: Zaqef-qatan | H55: Zaqef-gadol | I55: Pashta | J55: Telisha-gedola | K55: Telisha-qetana | L55: Qarne | M55: Tsinnor | N55: Segol | O55: Qadma | P55: Shalshelet
A56: 23 | B56: ZEPHANIAH | C56: 3 | D56: E4 | E56: 6 | F56: 7 | G56: 13 | H56: 1 | I56: 24 | J56: 1 | K56: 1 | L56: 0 | M56: 0 | N56: 0 | O56: 7 | P56: 0 | Q56: =SUM(E56:P56) -> 60
A57: 23 | B57: ZEPHANIAH | C57: 4 | D57: F4 | E57: 0 | F57: 0 | G57: 1 | H57: 0 | I57: 2 | J57: 0 | K57: 0 | L57: 0 | M57: 0 | N57: 0 | O57: 0 | P57: 0 | Q57: =SUM(E57:P57) -> 3
A58: 23 | B58: ZEPHANIAH | C58: 6 | D58: A4 | E58: 2 | F58: 2 | G58: 2 | H58: 0 | I58: 9 | J58: 1 | K58: 0 | L58: 0 | M58: 0 | N58: 0 | O58: 3 | P58: 0 | Q58: =SUM(E58:P58) -> 19
A59: 23 | B59: ZEPHANIAH | C59: 7 | D59: B4 | E59: 19 | F59: 2 | G59: 51 | H59: 0 | I59: 18 | J59: 0 | K59: 2 | L59: 0 | M59: 0 | N59: 0 | O59: 3 | P59: 0 | Q59: =SUM(E59:P59) -> 95
A60: 23 | B60: ZEPHANIAH | C60: 8 | D60: C5 | E60: 0 | F60: 0 | G60: 17 | H60: 0 | I60: 35 | J60: 0 | K60: 0 | L60: 0 | M60: 0 | N60: 0 | O60: 0 | P60: 0 | Q60: =SUM(E60:P60) -> 52
E61: =SUM(E56:E60) -> 27 | F61: =SUM(F56:F60) -> 11 | G61: =SUM(G56:G60) -> 84 | H61: =SUM(H56:H60) -> 1 | I61: =SUM(I56:I60) -> 88 | J61: =SUM(J56:J60) -> 2 | K61: =SUM(K56:K60) -> 3 | L61: =SUM(L56:L60) -> 0 | ... P61: =SUM(P56:P60) -> 0 | Q61: =SUM(E61:P61) -> 229
A62: book seq | B62: book | C62: degree | D62: note | E62: Revia | F62: Azla | G62: Zaqef-qatan | H62: Zaqef-gadol | I62: Pashta | J62: Telisha-gedola | K62: Telisha-qetana | L62: Qarne | M62: Tsinnor | N62: Segol | O62: Qadma | P62: Shalshelet
A63: 24 | B63: HAGGAI | C63: 3 | D63: E4 | E63: 2 | F63: 4 | G63: 5 | H63: 3 | I63: 6 | J63: 2 | K63: 1 | L63: 0 | M63: 0 | N63: 0 | O63: 8 | P63: 0 | Q63: =SUM(E63:P63) -> 31
A64: 24 | B64: HAGGAI | C64: 4 | D64: F4 | E64: 0 | F64: 0 | G64: 0 | H64: 0 | I64: 1 | J64: 0 | K64: 0 | L64: 0 | M64: 0 | N64: 0 | O64: 0 | P64: 0 | Q64: =SUM(E64:P64) -> 1
A65: 24 | B65: HAGGAI | C65: 6 | D65: A4 | E65: 2 | F65: 3 | G65: 4 | H65: 0 | I65: 6 | J65: 0 | K65: 1 | L65: 0 | M65: 0 | N65: 0 | O65: 4 | P65: 0 | Q65: =SUM(E65:P65) -> 20
A66: 24 | B66: HAGGAI | C66: 7 | D66: B4 | E66: 9 | F66: 5 | G66: 32 | H66: 0 | I66: 10 | J66: 2 | K66: 3 | L66: 0 | M66: 0 | N66: 0 | O66: 8 | P66: 0 | Q66: =SUM(E66:P66) -> 69
A67: 24 | B67: HAGGAI | C67: 8 | D67: C5 | E67: 0 | F67: 0 | G67: 9 | H67: 0 | I67: 24 | J67: 0 | K67: 0 | L67: 0 | M67: 0 | N67: 0 | O67: 1 | P67: 0 | Q67: =SUM(E67:P67) -> 34
E68: =SUM(E63:E67) -> 13 | F68: =SUM(F63:F67) -> 12 | G68: =SUM(G63:G67) -> 50 | H68: =SUM(H63:H67) -> 3 | I68: =SUM(I63:I67) -> 47 | J68: =SUM(J63:J67) -> 4 | K68: =SUM(K63:K67) -> 5 | L68: =SUM(L63:L67) -> 0 | ... P68: =SUM(P63:P67) -> 0 | Q68: =SUM(E68:P68) -> 155
A69: book seq | B69: book | C69: degree | D69: note | E69: Revia | F69: Azla | G69: Zaqef-qatan | H69: Zaqef-gadol | I69: Pashta | J69: Telisha-gedola | K69: Telisha-qetana | L69: Qarne | M69: Tsinnor | N69: Segol | O69: Qadma | P69: Shalshelet
A70: 25 | B70: ZECHARIAH | C70: 3 | D70: E4 | E70: 30 | F70: 25 | G70: 40 | H70: 13 | I70: 78 | J70: 6 | K70: 12 | L70: 0 | M70: 3 | N70: 2 | O70: 40 | P70: 0 | Q70: =SUM(E70:P70) -> 249
A71: 25 | B71: ZECHARIAH | C71: 4 | D71: F4 | E71: 0 | F71: 1 | G71: 2 | H71: 0 | I71: 6 | J71: 0 | K71: 1 | L71: 0 | M71: 2 | N71: 1 | O71: 2 | P71: 0 | Q71: =SUM(E71:P71) -> 15
A72: 25 | B72: ZECHARIAH | C72: 6 | D72: A4 | E72: 13 | F72: 6 | G72: 11 | H72: 4 | I72: 39 | J72: 2 | K72: 2 | L72: 0 | M72: 0 | N72: 0 | O72: 16 | P72: 0 | Q72: =SUM(E72:P72) -> 93
A73: 25 | B73: ZECHARIAH | C73: 7 | D73: B4 | E73: 79 | F73: 8 | G73: 218 | H73: 10 | I73: 50 | J73: 5 | K73: 3 | L73: 0 | M73: 6 | N73: 8 | O73: 16 | P73: 0 | Q73: =SUM(E73:P73) -> 403
A74: 25 | B74: ZECHARIAH | C74: 8 | D74: C5 | E74: 0 | F74: 1 | G74: 43 | H74: 1 | I74: 137 | J74: 0 | K74: 0 | L74: 0 | M74: 0 | N74: 0 | O74: 2 | P74: 0 | Q74: =SUM(E74:P74) -> 184
E75: =SUM(E70:E74) -> 122 | F75: =SUM(F70:F74) -> 41 | G75: =SUM(G70:G74) -> 314 | H75: =SUM(H70:H74) -> 28 | I75: =SUM(I70:I74) -> 310 | J75: =SUM(J70:J74) -> 13 | K75: =SUM(K70:K74) -> 18 | L75: =SUM(L70:L74) -> 0 | ... P75: =SUM(P70:P74) -> 0 | Q75: =SUM(E75:P75) -> 944
A76: book seq | B76: book | C76: degree | D76: note | E76: Revia | F76: Azla | G76: Zaqef-qatan | H76: Zaqef-gadol | I76: Pashta | J76: Telisha-gedola | K76: Telisha-qetana | L76: Qarne | M76: Tsinnor | N76: Segol | O76: Qadma | P76: Shalshelet
A77: 26 | B77: MALACHI | C77: 3 | D77: E4 | E77: 4 | F77: 8 | G77: 7 | H77: 4 | I77: 18 | J77: 0 | K77: 1 | L77: 0 | M77: 0 | N77: 0 | O77: 14 | P77: 0 | Q77: =SUM(E77:P77) -> 56
A78: 26 | B78: MALACHI | C78: 4 | D78: F4 | E78: 0 | F78: 0 | G78: 3 | H78: 0 | I78: 5 | J78: 0 | K78: 0 | L78: 0 | M78: 0 | N78: 0 | O78: 0 | P78: 0 | Q78: =SUM(E78:P78) -> 8
A79: 26 | B79: MALACHI | C79: 6 | D79: A4 | E79: 8 | F79: 6 | G79: 1 | H79: 3 | I79: 10 | J79: 0 | K79: 4 | L79: 0 | M79: 0 | N79: 0 | O79: 9 | P79: 0 | Q79: =SUM(E79:P79) -> 41
A80: 26 | B80: MALACHI | C80: 7 | D80: B4 | E80: 19 | F80: 4 | G80: 60 | H80: 2 | I80: 9 | J80: 1 | K80: 2 | L80: 0 | M80: 1 | N80: 1 | O80: 4 | P80: 0 | Q80: =SUM(E80:P80) -> 103
A81: 26 | B81: MALACHI | C81: 8 | D81: C5 | E81: 1 | F81: 1 | G81: 24 | H81: 0 | I81: 53 | J81: 1 | K81: 0 | L81: 0 | M81: 0 | N81: 0 | O81: 1 | P81: 0 | Q81: =SUM(E81:P81) -> 81
E82: =SUM(E77:E81) -> 32 | F82: =SUM(F77:F81) -> 19 | G82: =SUM(G77:G81) -> 95 | H82: =SUM(H77:H81) -> 9 | I82: =SUM(I77:I81) -> 95 | J82: =SUM(J77:J81) -> 2 | K82: =SUM(K77:K81) -> 7 | L82: =SUM(L77:L81) -> 0 | ... P82: =SUM(P77:P81) -> 0 | Q82: =SUM(E82:P82) -> 289

Sheet Daniel-E-N
A1: book seq | B1: book | C1: degree | D1: note | E1: Revia | F1: Azla | G1: Zaqef-qatan | H1: Zaqef-gadol | I1: Pashta | J1: Telisha-gedola | K1: Telisha-qetana | L1: Qarne | M1: Tsinnor | N1: Segol | O1: Qadma | P1: Shalshelet
A2: 35 | B2: DANIEL | C2: 3 | D2: E4 | E2: 59 | F2: 57 | G2: 86 | H2: 5 | I2: 160 | J2: 16 | K2: 13 | L2: 0 | M2: 6 | N2: 5 | O2: 61 | P2: 0
A3: 35 | B3: DANIEL | C3: 4 | D3: F4 | E3: 0 | F3: 0 | G3: 4 | H3: 0 | I3: 7 | J3: 0 | K3: 0 | L3: 0 | M3: 2 | N3: 0 | O3: 1 | P3: 0
A4: 35 | B4: DANIEL | C4: 6 | D4: A4 | E4: 24 | F4: 25 | G4: 14 | H4: 18 | I4: 66 | J4: 3 | K4: 6 | L4: 0 | M4: 0 | N4: 0 | O4: 35 | P4: 0
A5: 35 | B5: DANIEL | C5: 7 | D5: B4 | E5: 165 | F5: 19 | G5: 428 | H5: 15 | I5: 94 | J5: 15 | K5: 24 | L5: 0 | M5: 14 | N5: 16 | O5: 49 | P5: 0
A6: 35 | B6: DANIEL | C6: 8 | D6: C5 | E6: 0 | F6: 0 | G6: 97 | H6: 2 | I6: 278 | J6: 0 | K6: 0 | L6: 0 | M6: 0 | N6: 0 | O6: 5 | P6: 0
A7: book seq | B7: book | C7: degree | D7: note | E7: Revia | F7: Azla | G7: Zaqef-qatan | H7: Zaqef-gadol | I7: Pashta | J7: Telisha-gedola | K7: Telisha-qetana | L7: Qarne | M7: Tsinnor | N7: Segol | O7: Qadma | P7: Shalshelet
A8: 36 | B8: EZRA | C8: 2 | D8: D4 | E8: 0 | F8: 0 | G8: 0 | H8: 0 | I8: 0 | J8: 0 | K8: 0 | L8: 1 | M8: 0 | N8: 0 | O8: 0 | P8: 0
A9: 36 | B9: EZRA | C9: 3 | D9: E4 | E9: 36 | F9: 29 | G9: 58 | H9: 5 | I9: 97 | J9: 14 | K9: 12 | L9: 0 | M9: 10 | N9: 1 | O9: 39 | P9: 1
A10: 36 | B10: EZRA | C10: 4 | D10: F4 | E10: 0 | F10: 0 | G10: 5 | H10: 0 | I10: 12 | J10: 0 | K10: 0 | L10: 0 | M10: 0 | N10: 0 | O10: 0 | P10: 0
A11: 36 | B11: EZRA | C11: 6 | D11: A4 | E11: 11 | F11: 11 | G11: 7 | H11: 14 | I11: 15 | J11: 5 | K11: 7 | L11: 0 | M11: 0 | N11: 0 | O11: 25 | P11: 0
A12: 36 | B12: EZRA | C12: 7 | D12: B4 | E12: 97 | F12: 18 | G12: 244 | H12: 12 | I12: 45 | J12: 16 | K12: 10 | L12: 0 | M12: 6 | N12: 15 | O12: 32 | P12: 0
A13: 36 | B13: EZRA | C13: 8 | D13: C5 | E13: 0 | F13: 0 | G13: 43 | H13: 3 | I13: 140 | J13: 1 | K13: 0 | L13: 0 | M13: 0 | N13: 0 | O13: 2 | P13: 0
A14: book seq | B14: book | C14: degree | D14: note | E14: Revia | F14: Azla | G14: Zaqef-qatan | H14: Zaqef-gadol | I14: Pashta | J14: Telisha-gedola | K14: Telisha-qetana | L14: Qarne | M14: Tsinnor | N14: Segol | O14: Qadma | P14: Shalshelet
A15: 37 | B15: NEHEMIAH | C15: 2 | D15: D4 | E15: 1 | F15: 2 | G15: 0 | H15: 0 | I15: 0 | J15: 1 | K15: 1 | L15: 4 | M15: 0 | N15: 0 | O15: 2 | P15: 0
A16: 37 | B16: NEHEMIAH | C16: 3 | D16: E4 | E16: 35 | F16: 54 | G16: 63 | H16: 8 | I16: 114 | J16: 12 | K16: 21 | L16: 0 | M16: 3 | N16: 2 | O16: 71 | P16: 0
A17: 37 | B17: NEHEMIAH | C17: 4 | D17: F4 | E17: 0 | F17: 0 | G17: 4 | H17: 0 | I17: 8 | J17: 0 | K17: 0 | L17: 0 | M17: 3 | N17: 0 | O17: 0 | P17: 0
A18: 37 | B18: NEHEMIAH | C18: 6 | D18: A4 | E18: 18 | F18: 16 | G18: 17 | H18: 10 | I18: 50 | J18: 4 | K18: 4 | L18: 0 | M18: 0 | N18: 0 | O18: 24 | P18: 0
A19: 37 | B19: NEHEMIAH | C19: 7 | D19: B4 | E19: 120 | F19: 34 | G19: 349 | H19: 15 | I19: 66 | J19: 28 | K19: 13 | L19: 0 | M19: 16 | N19: 19 | O19: 54 | P19: 0
A20: 37 | B20: NEHEMIAH | C20: 8 | D20: C5 | E20: 2 | F20: 1 | G20: 67 | H20: 1 | I20: 215 | J20: 0 | K20: 1 | L20: 0 | M20: 0 | N20: 0 | O20: 1 | P20: 0

Sheet Chronicles
A1: book seq | B1: book | C1: degree | D1: note | E1: Revia | F1: Azla | G1: Zaqef-qatan | H1: Zaqef-gadol | I1: Pashta | J1: Telisha-gedola | K1: Telisha-qetana | L1: Qarne | M1: Tsinnor | N1: Segol | O1: Qadma | P1: Shalshelet
A2: 38 | B2: 1 CHRONICLES | C2: 2 | D2: D4 | E2: 0 | F2: 0 | G2: 0 | H2: 0 | I2: 0 | J2: 0 | K2: 0 | L2: 1 | M2: 0 | N2: 0 | O2: 0 | P2: 0
A3: 38 | B3: 1 CHRONICLES | C3: 3 | D3: E4 | E3: 74 | F3: 66 | G3: 137 | H3: 15 | I3: 259 | J3: 26 | K3: 30 | L3: 0 | M3: 11 | N3: 4 | O3: 130 | P3: 0
A4: 38 | B4: 1 CHRONICLES | C4: 4 | D4: F4 | E4: 1 | F4: 0 | G4: 5 | H4: 0 | I4: 17 | J4: 0 | K4: 0 | L4: 0 | M4: 2 | N4: 1 | O4: 0 | P4: 0
A5: 38 | B5: 1 CHRONICLES | C5: 6 | D5: A4 | E5: 33 | F5: 21 | G5: 52 | H5: 19 | I5: 106 | J5: 8 | K5: 6 | L5: 0 | M5: 0 | N5: 0 | O5: 46 | P5: 0
A6: 38 | B6: 1 CHRONICLES | C6: 7 | D6: B4 | E6: 180 | F6: 35 | G6: 618 | H6: 15 | I6: 78 | J6: 31 | K6: 17 | L6: 0 | M6: 10 | N6: 18 | O6: 67 | P6: 0
A7: 38 | B7: 1 CHRONICLES | C7: 8 | D7: C5 | E7: 2 | F7: 1 | G7: 184 | H7: 5 | I7: 416 | J7: 1 | K7: 1 | L7: 0 | M7: 0 | N7: 0 | O7: 3 | P7: 0
A8: book seq | B8: book | C8: degree | D8: note | E8: Revia | F8: Azla | G8: Zaefq-qatan | H8: Zaqef-gadol | I8: Pashta | J8: Telisha-gedola | K8: Telisha-qetana | L8: Qarne | M8: Tsinnor | N8: Segol | O8: Qadma | P8: Shalshelet
A9: 39 | B9: 2 CHRONICLES | C9: 2 | D9: D4 | E9: 0 | F9: 1 | G9: 0 | H9: 0 | I9: 0 | J9: 0 | K9: 1 | L9: 2 | M9: 0 | N9: 0 | O9: 1 | P9: 0
A10: 39 | B10: 2 CHRONICLES | C10: 3 | D10: E4 | E10: 119 | F10: 138 | G10: 147 | H10: 24 | I10: 299 | J10: 44 | K10: 51 | L10: 0 | M10: 18 | N10: 5 | O10: 211 | P10: 0
A11: 39 | B11: 2 CHRONICLES | C11: 4 | D11: F4 | E11: 0 | F11: 0 | G11: 5 | H11: 1 | I11: 24 | J11: 1 | K11: 0 | L11: 0 | M11: 2 | N11: 1 | O11: 0 | P11: 0
A12: 39 | B12: 2 CHRONICLES | C12: 6 | D12: A4 | E12: 44 | F12: 28 | G12: 17 | H12: 29 | I12: 117 | J12: 15 | K12: 8 | L12: 0 | M12: 0 | N12: 0 | O12: 57 | P12: 0
A13: 39 | B13: 2 CHRONICLES | C13: 7 | D13: B4 | E13: 333 | F13: 79 | G13: 851 | H13: 33 | I13: 170 | J13: 42 | K13: 45 | L13: 0 | M13: 53 | N13: 60 | O13: 140 | P13: 0
A14: 39 | B14: 2 CHRONICLES | C14: 8 | D14: C5 | E14: 7 | F14: 2 | G14: 200 | H14: 10 | I14: 630 | J14: 2 | K14: 2 | L14: 0 | M14: 0 | N14: 0 | O14: 12 | P14: 0

Sheet LBH-EBH
A1: LBH | E1: C | F1: D | G1: E | H1: F | I1: G | J1: A | K1: B | L1: C | N1: 822 | O1: EBH | S1: C | T1: D | U1: E | V1: F | W1: G | X1: A | Y1: B | Z1: C | AB1: 1364
A2: 19 | B2: JONAH | C2: pazer | D2: 1 | E2: 0 | F2: 0 | G2: 0 | H2: 0 | I2: 0 | J2: 0 | K2: 1 | L2: 0 | N2: 167 | O2: 1 | P2: GENESIS | Q2: z-gadol pashta | R2: 1 | S2: 0 | T2: 0 | U2: 0 | V2: 0 | W2: 0 | X2: 0 | Y2: 1 | Z2: 0 | AB2: 105
A3: 19 | B3: JONAH | C3: segol | D3: 1 | E3: 0 | F3: 0 | G3: 0 | H3: 0 | I3: 0 | J3: 0 | K3: 1 | L3: 0 | N3: 405 | O3: 1 | P3: GENESIS | Q3: pashta pashta | R3: 1 | S3: 0 | T3: 0 | U3: 1 | V3: 0 | W3: 0 | X3: 0 | Y3: 0 | Z3: 0 | AB3: 959
A4: 19 | B4: JONAH | C4: tsinnor | D4: 1 | E4: 0 | F4: 0 | G4: 1 | H4: 0 | I4: 0 | J4: 0 | K4: 0 | L4: 0 | N4: 357 | O4: 1 | P4: GENESIS | Q4: shalshelet | R4: 3 | S4: 0 | T4: 0 | U4: 3 | V4: 0 | W4: 0 | X4: 0 | Y4: 0 | Z4: 0 | AB4: 817
A5: 19 | B5: JONAH | C5: zaqef-gadol | D5: 2 | E5: 0 | F5: 0 | G5: 0 | H5: 0 | I5: 0 | J5: 1 | K5: 0 | L5: 1 | N5: 280 | O5: 1 | P5: GENESIS | Q5: pazer | R5: 29 | S5: 0 | T5: 0 | U5: 15 | V5: 0 | W5: 0 | X5: 5 | Y5: 9 | Z5: 0 | AB5: 1213
A6: 19 | B6: JONAH | C6: telisha-qetana | D6: 2 | E6: 0 | F6: 0 | G6: 0 | H6: 0 | I6: 0 | J6: 1 | K6: 1 | L6: 0 | N6: 928 | O6: 1 | P6: GENESIS | Q6: telisha-gedola | R6: 52 | S6: 0 | T6: 0 | U6: 29 | V6: 0 | W6: 0 | X6: 8 | Y6: 15 | Z6: 0 | AB6: 618
A7: 19 | B7: JONAH | C7: telisha-gedola | D7: 3 | E7: 0 | F7: 0 | G7: 3 | H7: 0 | I7: 0 | J7: 0 | K7: 0 | L7: 0 | N7: 48 | O7: 1 | P7: GENESIS | Q7: segol | R7: 72 | S7: 0 | T7: 0 | U7: 11 | V7: 0 | W7: 0 | X7: 0 | Y7: 61 | Z7: 0 | AB7: 859
A8: 19 | B8: JONAH | C8: tarsin | D8: 4 | E8: 0 | F8: 0 | G8: 2 | H8: 0 | I8: 0 | J8: 1 | K8: 1 | L8: 0 | N8: 222 | O8: 1 | P8: GENESIS | Q8: tsinnor | R8: 73 | S8: 0 | T8: 0 | U8: 19 | V8: 1 | W8: 0 | X8: 0 | Y8: 53 | Z8: 0 | AB8: 146
A9: 19 | B9: JONAH | C9: azla | D9: 9 | E9: 0 | F9: 0 | G9: 3 | H9: 0 | I9: 0 | J9: 3 | K9: 3 | L9: 0 | N9: =SUM(N1:N8) -> 3229 | O9: 1 | P9: GENESIS | Q9: telisha-qetana | R9: 93 | S9: 0 | T9: 0 | U9: 48 | V9: 0 | W9: 0 | X9: 19 | Y9: 24 | Z9: 2 | AB9: 1288
A10: 19 | B10: JONAH | C10: qadma | D10: 10 | E10: 0 | F10: 0 | G10: 4 | H10: 0 | I10: 0 | J10: 3 | K10: 3 | L10: 0 | O10: 1 | P10: GENESIS | Q10: tarsin | R10: 113 | S10: 0 | T10: 0 | U10: 66 | V10: 0 | W10: 0 | X10: 29 | Y10: 18 | Z10: 0 | AB10: 719
A11: 19 | B11: JONAH | C11: revia | D11: 26 | E11: 0 | F11: 0 | G11: 8 | H11: 0 | I11: 0 | J11: 3 | K11: 15 | L11: 0 | O11: 1 | P11: GENESIS | Q11: zaqef-gadol | R11: 175 | S11: 0 | T11: 0 | U11: 62 | V11: 0 | W11: 0 | X11: 58 | Y11: 44 | Z11: 11 | AB11: 658
A12: 19 | B12: JONAH | C12: pashta | D12: 66 | E12: 0 | F12: 0 | G12: 16 | H12: 3 | I12: 0 | J12: 6 | K12: 7 | L12: 34 | O12: 1 | P12: GENESIS | Q12: azla | R12: 244 | S12: 0 | T12: 0 | U12: 155 | V12: 1 | W12: 0 | X12: 46 | Y12: 41 | Z12: 1 | AB12: 810
A13: 19 | B13: JONAH | C13: zaqef-qatan | D13: 72 | E13: 0 | F13: 0 | G13: 14 | H13: 1 | I13: 0 | J13: 1 | K13: 43 | L13: 13 | O13: 1 | P13: GENESIS | Q13: qadma | R13: 457 | S13: 0 | T13: 0 | U13: 254 | V13: 1 | W13: 0 | X13: 102 | Y13: 89 | Z13: 11 | AB13: 1533
A14: 33 | B14: QOHELET | C14: segol | D14: 2 | E14: 0 | F14: 0 | G14: 0 | H14: 0 | I14: 0 | J14: 0 | K14: 2 | L14: 0 | O14: 1 | P14: GENESIS | Q14: revia | R14: 610 | S14: 0 | T14: 0 | U14: 168 | V14: 2 | W14: 0 | X14: 79 | Y14: 356 | Z14: 5 | AB14: 53
A15: 33 | B15: QOHELET | C15: tsinnor | D15: 2 | E15: 0 | F15: 0 | G15: 2 | H15: 0 | I15: 0 | J15: 0 | K15: 0 | L15: 0 | O15: 1 | P15: GENESIS | Q15: pashta | R15: 1700 | S15: 0 | T15: 0 | U15: 401 | V15: 35 | W15: 1 | X15: 201 | Y15: 186 | Z15: 876 | AB15: 1291
A16: 33 | B16: QOHELET | C16: pazer | D16: 6 | E16: 0 | F16: 0 | G16: 3 | H16: 0 | I16: 0 | J16: 1 | K16: 2 | L16: 0 | O16: 1 | P16: GENESIS | Q16: zaqef-qatan | R16: 1877 | S16: 0 | T16: 0 | U16: 212 | V16: 12 | W16: 0 | X16: 49 | Y16: 1224 | Z16: 380 | AB16: 695
A17: 33 | B17: QOHELET | C17: telisha-gedola | D17: 9 | E17: 0 | F17: 0 | G17: 7 | H17: 0 | I17: 0 | J17: 0 | K17: 2 | L17: 0 | O17: 2 | P17: EXODUS | Q17: z-qatan tsinnor | R17: 1 | S17: 0 | T17: 0 | U17: 0 | V17: 0 | W17: 0 | X17: 0 | Y17: 1 | Z17: 0 | AB17: 197
A18: 33 | B18: QOHELET | C18: tarsin | D18: 14 | E18: 0 | F18: 0 | G18: 3 | H18: 0 | I18: 0 | J18: 8 | K18: 3 | L18: 0 | O18: 2 | P18: EXODUS | Q18: pazer azla | R18: 1 | S18: 0 | T18: 0 | U18: 0 | V18: 0 | W18: 0 | X18: 0 | Y18: 1 | Z18: 0 | AB18: =SUM(AB1:AB17) -> 13325
A19: 33 | B19: QOHELET | C19: telisha-qetana | D19: 16 | E19: 0 | F19: 0 | G19: 6 | H19: 0 | I19: 0 | J19: 3 | K19: 7 | L19: 0 | O19: 2 | P19: EXODUS | Q19: pashta pashta | R19: 1 | S19: 0 | T19: 0 | U19: 1 | V19: 0 | W19: 0 | X19: 0 | Y19: 0 | Z19: 0
A20: 33 | B20: QOHELET | C20: zaqef-gadol | D20: 18 | E20: 0 | F20: 0 | G20: 6 | H20: 0 | I20: 0 | J20: 8 | K20: 3 | L20: 1 | O20: 2 | P20: EXODUS | Q20: z-qatan azla | R20: 1 | S20: 0 | T20: 0 | U20: 1 | V20: 0 | W20: 0 | X20: 0 | Y20: 0 | Z20: 0
A21: 33 | B21: QOHELET | C21: azla | D21: 27 | E21: 0 | F21: 0 | G21: 16 | H21: 0 | I21: 0 | J21: 3 | K21: 8 | L21: 0 | O21: 2 | P21: EXODUS | Q21: azla pashta | R21: 1 | S21: 0 | T21: 0 | U21: 1 | V21: 0 | W21: 0 | X21: 0 | Y21: 0 | Z21: 0
A22: 33 | B22: QOHELET | C22: qadma | D22: 58 | E22: 0 | F22: 0 | G22: 29 | H22: 2 | I22: 0 | J22: 11 | K22: 15 | L22: 1 | O22: 2 | P22: EXODUS | Q22: pazer z-qatan | R22: 2 | S22: 0 | T22: 0 | U22: 0 | V22: 0 | W22: 0 | X22: 0 | Y22: 2 | Z22: 0
A23: 33 | B23: QOHELET | C23: revia | D23: 63 | E23: 0 | F23: 0 | G23: 20 | H23: 0 | I23: 0 | J23: 6 | K23: 36 | L23: 1 | O23: 2 | P23: EXODUS | Q23: pazer | R23: 29 | S23: 0 | T23: 0 | U23: 18 | V23: 0 | W23: 0 | X23: 5 | Y23: 5 | Z23: 1
A24: 33 | B24: QOHELET | C24: pashta | D24: 243 | E24: 0 | F24: 0 | G24: 73 | H24: 16 | I24: 0 | J24: 21 | K24: 13 | L24: 120 | O24: 2 | P24: EXODUS | Q24: telisha-gedola | R24: 44 | S24: 0 | T24: 0 | U24: 12 | V24: 0 | W24: 0 | X24: 10 | Y24: 22 | Z24: 0
A25: 33 | B25: QOHELET | C25: zaqef-qatan | D25: 269 | E25: 0 | F25: 0 | G25: 43 | H25: 4 | I25: 0 | J25: 5 | K25: 185 | L25: 32 | O25: 2 | P25: EXODUS | Q25: tsinnor | R25: 81 | S25: 0 | T25: 0 | U25: 20 | V25: 1 | W25: 1 | X25: 0 | Y25: 59 | Z25: 0
A26: 34 | B26: ESTHER | C26: qarne-farah | D26: 1 | E26: 0 | F26: 1 | G26: 0 | H26: 0 | I26: 0 | J26: 0 | K26: 0 | L26: 0 | O26: 2 | P26: EXODUS | Q26: segol | R26: 82 | S26: 0 | T26: 0 | U26: 12 | V26: 1 | W26: 0 | X26: 1 | Y26: 68 | Z26: 0
A27: 34 | B27: ESTHER | C27: segol | D27: 13 | E27: 0 | F27: 0 | G27: 3 | H27: 0 | I27: 0 | J27: 0 | K27: 10 | L27: 0 | O27: 2 | P27: EXODUS | Q27: telisha-qetana | R27: 90 | S27: 0 | T27: 2 | U27: 45 | V27: 1 | W27: 0 | X27: 17 | Y27: 24 | Z27: 1
A28: 34 | B28: ESTHER | C28: tsinnor | D28: 13 | E28: 0 | F28: 0 | G28: 5 | H28: 0 | I28: 0 | J28: 0 | K28: 8 | L28: 0 | O28: 2 | P28: EXODUS | Q28: zaqef-gadol | R28: 99 | S28: 0 | T28: 0 | U28: 26 | V28: 0 | W28: 0 | X28: 42 | Y28: 23 | Z28: 8
A29: 34 | B29: ESTHER | C29: zaqef-gadol | D29: 16 | E29: 0 | F29: 0 | G29: 4 | H29: 0 | I29: 0 | J29: 5 | K29: 5 | L29: 2 | O29: 2 | P29: EXODUS | Q29: tarsin | R29: 100 | S29: 0 | T29: 0 | U29: 67 | V29: 0 | W29: 0 | X29: 12 | Y29: 18 | Z29: 3
A30: 34 | B30: ESTHER | C30: pazer | D30: 17 | E30: 0 | F30: 0 | G30: 4 | H30: 0 | I30: 0 | J30: 1 | K30: 12 | L30: 0 | O30: 2 | P30: EXODUS | Q30: azla | R30: 229 | S30: 0 | T30: 0 | U30: 139 | V30: 0 | W30: 2 | X30: 49 | Y30: 35 | Z30: 4
... A103: 39 | B103: 2 CHRONICLES | C103: pashta | D103: 1240 | E103: 0 | F103: 0 | G103: 299 | H103: 24 | I103: 0 | J103: 117 | K103: 170 | L103: 630 | O103: 7 | P103: JUDGES | Q103: pashta | R103: 929 | S103: 0 | T103: 0 | U103: 249 | V103: 27 | W103: 0 | X103: 78 | Y103: 108 | Z103: 467
D104: =SUM(D2:D103) -> 13860 | E104: =SUM(E2:E103) -> 1 | F104: =SUM(F2:F103) -> 21 | G104: =SUM(G2:G103) -> 3715 | H104: =SUM(H2:H103) -> 142 | I104: =SUM(I2:I103) -> 0 | J104: =SUM(J2:J103) -> 1294 | K104: =SUM(K2:K103) -> 5909 | L104: =SUM(L2:L103) -> 2778 | O104: 7 | P104: JUDGES | Q104: zaqef-qatan | R104: 981 | S104: 0 | T104: 0 | U104: 117 | V104: 11 | W104: 0 | X104: 23 | Y104: 644 | Z104: 186
D105: =D104/$N$9 -> 4.2923506 | O105: 8 | P105: 1 SAMUEL | Q105: pazer | R105: 36 | S105: 0 | T105: 0 | U105: 9 | V105: 0 | W105: 0 | X105: 3 | Y105: 24 | Z105: 0
O106: 8 | P106: 1 SAMUEL | Q106: segol | R106: 40 | S106: 0 | T106: 0 | U106: 6 | V106: 2 | W106: 0 | X106: 0 | Y106: 32 | Z106: 0
O107: 8 | P107: 1 SAMUEL | Q107: tsinnor | R107: 42 | S107: 0 | T107: 0 | U107: 7 | V107: 2 | W107: 0 | X107: 0 | Y107: 33 | Z107: 0
O108: 8 | P108: 1 SAMUEL | Q108: telisha-gedola | R108: 49 | S108: 0 | T108: 0 | U108: 15 | V108: 0 | W108: 0 | X108: 7 | Y108: 26 | Z108: 1
O109: 8 | P109: 1 SAMUEL | Q109: tarsin | R109: 73 | S109: 0 | T109: 0 | U109: 42 | V109: 0 | W109: 0 | X109: 17 | Y109: 13 | Z109: 1
O110: 8 | P110: 1 SAMUEL | Q110: zaqef-gadol | R110: 74 | S110: 0 | T110: 0 | U110: 19 | V110: 1 | W110: 0 | X110: 26 | Y110: 23 | Z110: 5
O111: 8 | P111: 1 SAMUEL | Q111: telisha-qetana | R111: 111 | S111: 0 | T111: 0 | U111: 49 | V111: 0 | W111: 0 | X111: 21 | Y111: 38 | Z111: 3
O112: 8 | P112: 1 SAMUEL | Q112: azla | R112: 251 | S112: 0 | T112: 0 | U112: 157 | V112: 0 | W112: 0 | X112: 37 | Y112: 52 | Z112: 5
O113: 8 | P113: 1 SAMUEL | Q113: qadma | R113: 403 | S113: 0 | T113: 0 | U113: 214 | V113: 0 | W113: 0 | X113: 73 | Y113: 97 | Z113: 19
O114: 8 | P114: 1 SAMUEL | Q114: revia | R114: 481 | S114: 0 | T114: 0 | U114: 132 | V114: 0 | W114: 0 | X114: 53 | Y114: 289 | Z114: 7
O115: 8 | P115: 1 SAMUEL | Q115: pashta | R115: 1247 | S115: 0 | T115: 0 | U115: 290 | V115: 37 | W115: 0 | X115: 92 | Y115: 130 | Z115: 698
O116: 8 | P116: 1 SAMUEL | Q116: zaqef-qatan | R116: 1325 | S116: 0 | T116: 0 | U116: 147 | V116: 12 | W116: 0 | X116: 22 | Y116: 819 | Z116: 325
O117: 9 | P117: 2 SAMUEL | Q117: qarne-farah | R117: 1 | S117: 0 | T117: 1 | U117: 0 | V117: 0 | W117: 0 | X117: 0 | Y117: 0 | Z117: 0
... O253: 23 | P253: ZEPHANIAH | Q253: pashta | R253: 88 | S253: 0 | T253: 0 | U253: 24 | V253: 2 | W253: 0 | X253: 9 | Y253: 18 | Z253: 35
R254: =SUM(R2:R253) -> 54572 | S254: =SUM(S2:S253) -> 0 | T254: =SUM(T2:T253) -> 20 | U254: =SUM(U2:U253) -> 14351 | V254: =SUM(V2:V253) -> 779 | W254: =SUM(W2:W253) -> 16 | X254: =SUM(X2:X253) -> 5385 | Y254: =SUM(Y2:Y253) -> 21381 | Z254: =SUM(Z2:Z253) -> 12640
R255: =R254/$AB$18 -> 4.0954597

Sheet TENOR
D1: e | E1: f | F1: g | G1: A | H1: B | I1: C | M1: e | N1: f | O1: g | P1: A | Q1: B | R1: C
B2: GENESIS | C2: E | D2: 11 | E2: 0 | F2: 1 | G2: 0 | H2: 38 | I2: 0 | J2: =SUM(D2:I2) -> 50 | L2: E | M2: 72 | N2: 2 | O2: 13 | P2: 0 | Q2: 371 | R2: 7 | S2: =SUM(M2:R2) -> 465
B3: EXODUS | C3: E | D3: 8 | E3: 0 | F3: 0 | G3: 0 | H3: 32 | I3: 0 | J3: =SUM(D3:I3) -> 40 | L3: P | M3: 53 | N3: 47 | O3: 12 | P3: 69 | Q3: 37 | R3: 2 | S3: =SUM(M3:R3) -> 220
B4: LEVITICUS | C4: E | D4: 9 | E4: 0 | F4: 0 | G4: 0 | H4: 17 | I4: 1 | J4: =SUM(D4:I4) -> 27 | L4: T | M4: 9 | N4: 0 | O4: 2 | P4: 0 | Q4: 67 | R4: 9 | S4: =SUM(M4:R4) -> 87
B5: NUMBERS | C5: E | D5: 13 | E5: 0 | F5: 1 | G5: 0 | H5: 21 | I5: 1 | J5: =SUM(D5:I5) -> 36 | L5: L | M5: 22 | N5: 1 | O5: 4 | P5: 0 | Q5: 129 | R5: 1 | S5: =SUM(M5:R5) -> 157
B6: DEUTERONOMY | C6: E | D6: 5 | E6: 0 | F6: 0 | G6: 0 | H6: 29 | I6: 0 | J6: =SUM(D6:I6) -> 34 | M6: =SUM(M2:M5) -> 156 | N6: =SUM(N2:N5) -> 50 | O6: =SUM(O2:O5) -> 31 | P6: =SUM(P2:P5) -> 69 | Q6: =SUM(Q2:Q5) -> 604 | R6: =SUM(R2:R5) -> 19 | S6: =SUM(S2:S5) -> 929
B7: JOSHUA | C7: E | D7: 3 | E7: 0 | F7: 2 | G7: 0 | H7: 18 | I7: 1 | J7: =SUM(D7:I7) -> 24 | L7: =L2 -> E | M7: =M2/$S2 -> 0.15483871 | N7: =N2/$S2 -> 0.0043010753 | O7: =O2/$S2 -> 0.027956989 | P7: =P2/$S2 -> 0 | Q7: =Q2/$S2 -> 0.79784946 | R7: =R2/$S2 -> 0.015053763 | S7: =S2/$S$6 -> 0.50053821
B8: JUDGES | C8: E | D8: 2 | E8: 0 | F8: 0 | G8: 0 | H8: 19 | I8: 0 | J8: =SUM(D8:I8) -> 21 | L8: =L3 -> P | M8: =M3/$S3 -> 0.24090909 | N8: =N3/$S3 -> 0.21363636 | O8: =O3/$S3 -> 0.054545455 | P8: =P3/$S3 -> 0.31363636 | Q8: =Q3/$S3 -> 0.16818182 | R8: =R3/$S3 -> 0.0090909091 | S8: =S3/$S$6 -> 0.23681378
B9: 1 SAMUEL | C9: E | D9: 4 | E9: 0 | F9: 0 | G9: 0 | H9: 27 | I9: 0 | J9: =SUM(D9:I9) -> 31 | L9: =L4 -> T | M9: =M4/$S4 -> 0.10344828 | N9: =N4/$S4 -> 0 | O9: =O4/$S4 -> 0.022988506 | P9: =P4/$S4 -> 0 | Q9: =Q4/$S4 -> 0.77011494 | R9: =R4/$S4 -> 0.10344828 | S9: =S4/$S$6 -> 0.093649085
B10: 2 SAMUEL | C10: E | D10: 6 | E10: 0 | F10: 1 | G10: 0 | H10: 17 | I10: 0 | J10: =SUM(D10:I10) -> 24 | L10: =L5 -> L | M10: =M5/$S5 -> 0.14012739 | N10: =N5/$S5 -> 0.0063694268 | O10: =O5/$S5 -> 0.025477707 | P10: =P5/$S5 -> 0 | Q10: =Q5/$S5 -> 0.82165605 | R10: =R5/$S5 -> 0.0063694268 | S10: =S5/$S$6 -> 0.16899892
B11: 1 KINGS | C11: E | D11: 0 | E11: 0 | F11: 1 | G11: 0 | H11: 21 | I11: 0 | J11: =SUM(D11:I11) -> 22 | M11: =M6/$S6 -> 0.1679225 | N11: =N6/$S6 -> 0.053821313 | O11: =O6/$S6 -> 0.033369214 | P11: =P6/$S6 -> 0.074273412 | Q11: =Q6/$S6 -> 0.65016146 | R11: =R6/$S6 -> 0.020452099 | S11: =SUM(S7:S10) -> 1
B12: 2 KINGS | C12: E | D12: 0 | E12: 0 | F12: 0 | G12: 0 | H12: 25 | I12: 0 | J12: =SUM(D12:I12) -> 25
B13: ISAIAH | C13: E | D13: 5 | E13: 1 | F13: 5 | G13: 0 | H13: 26 | I13: 2 | J13: =SUM(D13:I13) -> 39
B14: ISAIAH | C14: T | D14: 3 | E14: 0 | F14: 2 | G14: 0 | H14: 16 | I14: 6 | J14: =SUM(D14:I14) -> 27
B15: JEREMIAH | C15: E | D15: 3 | E15: 0 | F15: 0 | G15: 0 | H15: 48 | I15: 1 | J15: =SUM(D15:I15) -> 52
B16: EZEKIEL | C16: T | D16: 4 | E16: 0 | F16: 0 | G16: 0 | H16: 42 | I16: 2 | J16: =SUM(D16:I16) -> 48
B17: HOSEA | C17: E | D17: 2 | E17: 0 | F17: 0 | G17: 0 | H17: 12 | I17: 0 | J17: =SUM(D17:I17) -> 14
B18: JOEL | C18: T | D18: 0 | E18: 0 | F18: 0 | G18: 0 | H18: 4 | I18: 0 | J18: =SUM(D18:I18) -> 4
B19: AMOS | C19: E | D19: 0 | E19: 1 | F19: 0 | G19: 0 | H19: 8 | I19: 0 | J19: =SUM(D19:I19) -> 9
B20: OBADIAH | C20: E | D20: 0 | E20: 0 | F20: 0 | G20: 0 | H20: 1 | I20: 0 | J20: =SUM(D20:I20) -> 1
B21: JONAH | C21: L | D21: 0 | E21: 0 | F21: 1 | G21: 0 | H21: 3 | I21: 0 | J21: =SUM(D21:I21) -> 4
B22: MICAH | C22: E | D22: 1 | E22: 0 | F22: 1 | G22: 0 | H22: 5 | I22: 0 | J22: =SUM(D22:I22) -> 7
B23: NAHUM | C23: E | D23: 0 | E23: 0 | F23: 1 | G23: 0 | H23: 2 | I23: 0 | J23: =SUM(D23:I23) -> 3
... B42: 2 CHRONICLES | C42: L | D42: 3 | E42: 0 | F42: 0 | G42: 0 | H42: 33 | I42: 0 | J42: =SUM(D42:I42) -> 36
J43: =SUM(J2:J42) -> 929
